id_midia,id_postagem,tipo,path_midia
1,1246,image,/quality/candidate.jpg
2,1728,image,/series/focus.mp4
3,93,image,/black/including.mp4
4,1806,video,/floor/data.mp4
5,666,video,/enter/those.jpg
6,2416,video,/room/benefit.jpg
7,212,image,/majority/eight.mp4
8,1009,image,/expert/wide.jpg
9,2462,image,/only/quite.jpg
10,1122,image,/past/close.jpg
11,1674,image,/number/run.jpg
12,2897,image,/history/police.jpg
13,1500,image,/site/choice.jpg
14,890,image,/year/out.mp4
15,2489,image,/game/responsibility.jpg
16,1607,image,/mother/grow.mp4
17,2004,image,/president/accept.mp4
18,1475,video,/someone/participant.jpg
19,617,video,/image/final.mp4
20,1263,image,/day/mean.jpg
21,1873,video,/pay/nice.mp4
22,1856,image,/either/practice.jpg
23,858,video,/produce/game.mp4
24,2777,image,/hold/note.jpg
25,782,video,/cut/probably.mp4
26,2697,video,/compare/paper.mp4
27,1470,video,/recently/whole.mp4
28,2557,video,/president/buy.mp4
29,2467,video,/eye/bring.mp4
30,1369,video,/mouth/arrive.mp4
31,722,video,/discuss/morning.jpg
32,395,image,/vote/partner.mp4
33,746,video,/sister/recognize.mp4
34,2823,video,/leader/major.mp4
35,2362,image,/myself/building.jpg
36,745,video,/short/could.jpg
37,1026,image,/account/college.mp4
38,78,video,/together/myself.mp4
39,2974,video,/community/place.jpg
40,2586,video,/assume/parent.mp4
41,803,image,/hit/break.jpg
42,2330,image,/somebody/meet.jpg
43,956,image,/general/study.mp4
44,2665,image,/west/once.mp4
45,2046,image,/everything/sound.mp4
46,1486,image,/security/watch.mp4
47,892,image,/choice/hold.jpg
48,349,video,/increase/network.mp4
49,2805,video,/throw/ability.jpg
50,1830,video,/career/though.jpg
51,993,video,/next/sound.mp4
52,2765,video,/speech/official.jpg
53,2298,video,/fight/school.mp4
54,2069,image,/win/tough.jpg
55,1164,image,/character/carry.jpg
56,1133,image,/certain/general.mp4
57,2836,image,/five/level.jpg
58,2487,image,/feel/opportunity.jpg
59,98,video,/weight/save.jpg
60,2184,image,/anyone/threat.mp4
61,1048,image,/power/project.jpg
62,2730,image,/later/nature.jpg
63,570,video,/natural/whatever.jpg
64,2019,video,/blood/development.jpg
65,2893,video,/without/lawyer.jpg
66,1422,video,/significant/work.mp4
67,2801,video,/enjoy/able.jpg
68,657,video,/while/between.jpg
69,773,video,/question/may.mp4
70,348,image,/benefit/blood.mp4
71,2334,image,/hand/thank.jpg
72,713,video,/history/reflect.mp4
73,1027,video,/common/billion.jpg
74,594,image,/record/material.jpg
75,2185,image,/claim/total.jpg
76,2663,video,/official/focus.mp4
77,2440,video,/market/once.jpg
78,1841,image,/baby/ten.mp4
79,721,video,/simply/black.mp4
80,1097,image,/key/commercial.mp4
81,648,image,/in/individual.jpg
82,2268,video,/spend/style.jpg
83,2307,video,/stage/dog.mp4
84,2047,video,/court/stay.jpg
85,826,video,/key/structure.mp4
86,129,image,/ok/kid.mp4
87,1403,video,/page/citizen.mp4
88,1872,image,/floor/stage.jpg
89,842,video,/draw/owner.mp4
90,336,image,/throw/describe.jpg
91,4,image,/follow/safe.mp4
92,1979,video,/professor/sea.mp4
93,1062,video,/teach/reveal.mp4
94,769,image,/share/example.jpg
95,1560,video,/address/article.mp4
96,282,video,/collection/may.jpg
97,2517,video,/agree/seven.jpg
98,779,image,/perform/civil.jpg
99,2155,video,/mouth/keep.mp4
100,2201,image,/free/general.mp4
101,229,video,/claim/win.jpg
102,1508,video,/summer/bit.jpg
103,2657,video,/cultural/light.jpg
104,2547,video,/explain/list.mp4
105,1595,video,/activity/better.mp4
106,242,video,/would/way.jpg
107,317,image,/provide/step.mp4
108,1110,image,/century/very.jpg
109,985,image,/measure/safe.jpg
110,289,image,/month/after.jpg
111,2303,video,/trade/Congress.mp4
112,723,video,/nice/record.mp4
113,2185,video,/for/part.jpg
114,85,video,/system/someone.mp4
115,615,image,/anyone/treatment.mp4
116,2509,video,/program/leave.jpg
117,1129,video,/however/first.jpg
118,815,image,/factor/cold.mp4
119,2687,image,/college/law.mp4
120,2202,image,/effect/only.mp4
121,1706,image,/away/range.mp4
122,298,video,/here/rest.mp4
123,1613,image,/only/current.mp4
124,2220,video,/kind/yourself.jpg
125,558,image,/field/interesting.mp4
126,230,image,/around/guess.mp4
127,546,video,/current/beat.jpg
128,2181,video,/thousand/stuff.mp4
129,1886,video,/him/who.mp4
130,1665,image,/before/least.jpg
131,1663,image,/agency/exactly.jpg
132,1508,video,/against/free.mp4
133,714,image,/who/create.jpg
134,2523,image,/everything/when.jpg
135,1776,image,/born/continue.mp4
136,1135,image,/fire/seek.mp4
137,2081,video,/language/game.jpg
138,2062,video,/cause/feel.jpg
139,2557,image,/character/entire.jpg
140,1243,image,/election/others.mp4
141,116,video,/source/bit.mp4
142,252,image,/life/often.mp4
143,2054,video,/fear/get.jpg
144,2795,image,/go/evidence.jpg
145,2689,image,/environment/moment.mp4
146,2773,image,/consider/well.jpg
147,1661,image,/sense/ten.mp4
148,2022,image,/low/skill.jpg
149,2998,image,/wall/opportunity.jpg
150,1004,video,/blue/heavy.mp4
151,1278,video,/set/account.jpg
152,1934,video,/year/year.mp4
153,1458,image,/choice/of.mp4
154,2877,image,/forget/across.jpg
155,479,video,/with/medical.jpg
156,1832,video,/ok/us.jpg
157,933,video,/computer/much.mp4
158,360,video,/nothing/adult.jpg
159,2736,video,/room/half.mp4
160,1994,video,/however/style.jpg
161,1684,image,/include/half.mp4
162,2192,video,/senior/human.mp4
163,725,video,/almost/will.jpg
164,2164,video,/prove/difficult.jpg
165,765,video,/leave/cold.mp4
166,2542,video,/poor/place.mp4
167,117,video,/soldier/senior.jpg
168,1618,video,/room/subject.jpg
169,316,video,/account/term.mp4
170,2462,image,/side/modern.jpg
171,2774,video,/capital/join.jpg
172,1292,video,/participant/likely.jpg
173,1350,video,/reduce/this.mp4
174,2172,image,/artist/at.jpg
175,2128,video,/film/which.mp4
176,342,video,/term/north.jpg
177,1555,image,/magazine/enjoy.mp4
178,1383,image,/still/single.jpg
179,2675,image,/vote/plan.mp4
180,2007,image,/action/space.jpg
181,2739,video,/fly/past.jpg
182,2822,image,/point/trial.mp4
183,2503,video,/you/those.mp4
184,174,video,/south/investment.jpg
185,846,video,/forward/star.mp4
186,2198,image,/top/discussion.mp4
187,1710,image,/practice/support.jpg
188,338,video,/election/high.jpg
189,258,image,/build/pull.jpg
190,506,image,/end/my.mp4
191,2465,image,/along/animal.mp4
192,1425,video,/full/live.jpg
193,232,video,/strong/now.jpg
194,2093,image,/some/sign.jpg
195,2338,video,/agree/benefit.mp4
196,1120,image,/good/hair.mp4
197,1568,video,/spend/structure.mp4
198,934,image,/executive/and.mp4
199,966,image,/fact/friend.jpg
200,449,video,/page/few.jpg
201,2898,video,/think/why.mp4
202,372,video,/control/issue.jpg
203,1852,video,/left/improve.mp4
204,2237,video,/itself/unit.jpg
205,494,image,/author/require.jpg
206,2572,image,/stock/mention.jpg
207,381,video,/health/official.jpg
208,2931,video,/improve/language.jpg
209,202,video,/around/analysis.jpg
210,958,image,/picture/treatment.mp4
211,218,image,/above/provide.mp4
212,201,video,/door/phone.mp4
213,1993,video,/next/base.mp4
214,1006,video,/method/concern.jpg
215,273,video,/by/lay.mp4
216,1046,video,/power/suddenly.jpg
217,92,video,/reason/design.mp4
218,747,image,/generation/organization.mp4
219,508,video,/carry/job.jpg
220,1100,video,/write/lot.jpg
221,1846,image,/even/evidence.jpg
222,2619,image,/culture/ask.mp4
223,973,video,/others/success.mp4
224,2550,video,/stay/need.mp4
225,2261,image,/city/professional.mp4
226,2797,image,/prove/ask.mp4
227,1197,video,/without/represent.jpg
228,142,image,/pretty/close.jpg
229,1572,video,/against/picture.jpg
230,991,image,/customer/short.mp4
231,2207,image,/perhaps/fall.jpg
232,83,video,/media/model.jpg
233,611,image,/artist/over.mp4
234,2597,video,/stop/individual.jpg
235,523,image,/who/sound.jpg
236,8,video,/whole/go.jpg
237,632,image,/adult/event.jpg
238,312,image,/old/style.jpg
239,280,video,/expect/entire.jpg
240,684,video,/spring/across.jpg
241,1590,image,/travel/hot.jpg
242,1183,image,/speech/to.mp4
243,1483,video,/line/quite.mp4
244,957,image,/service/career.mp4
245,2600,image,/foot/better.jpg
246,1222,image,/green/new.mp4
247,2683,video,/surface/note.jpg
248,1261,video,/few/truth.jpg
249,2694,video,/what/for.jpg
250,331,image,/term/this.mp4
251,1003,image,/mention/although.mp4
252,2469,video,/various/activity.jpg
253,2242,image,/beyond/change.mp4
254,2113,image,/might/into.mp4
255,639,image,/place/management.mp4
256,2152,video,/happen/information.jpg
257,453,image,/life/conference.jpg
258,2348,video,/realize/later.jpg
259,2744,video,/worker/per.mp4
260,850,video,/charge/cut.jpg
261,568,image,/article/history.jpg
262,407,video,/late/attack.jpg
263,2066,video,/order/claim.mp4
264,2998,video,/resource/growth.mp4
265,1597,image,/statement/author.jpg
266,2801,image,/discuss/more.mp4
267,2519,image,/issue/pull.mp4
268,34,video,/back/create.jpg
269,1418,video,/car/admit.jpg
270,1556,video,/decade/PM.jpg
271,2596,video,/most/style.jpg
272,1449,image,/likely/support.jpg
273,1867,video,/herself/claim.jpg
274,2812,video,/nearly/good.mp4
275,2361,image,/sing/respond.mp4
276,20,image,/however/girl.mp4
277,2118,image,/forward/bill.mp4
278,79,image,/somebody/value.mp4
279,65,image,/tree/world.jpg
280,2284,video,/despite/throughout.jpg
281,1256,video,/form/management.mp4
282,475,image,/relationship/behavior.mp4
283,2926,video,/north/west.mp4
284,2745,image,/I/break.jpg
285,1580,image,/spring/language.jpg
286,2034,image,/large/sense.jpg
287,1243,image,/program/suddenly.jpg
288,34,image,/well/like.mp4
289,773,video,/son/in.mp4
290,996,image,/against/side.jpg
291,2415,image,/police/again.mp4
292,1750,image,/way/along.jpg
293,2004,image,/enjoy/support.jpg
294,1198,image,/from/head.jpg
295,2962,video,/continue/boy.jpg
296,2329,image,/room/ahead.jpg
297,436,video,/science/everybody.jpg
298,485,image,/put/major.mp4
299,2151,video,/laugh/information.mp4
300,1058,video,/my/actually.mp4
301,731,video,/entire/instead.jpg
302,233,image,/face/despite.jpg
303,2653,image,/writer/product.mp4
304,626,image,/blue/road.jpg
305,2733,video,/theory/sort.mp4
306,577,video,/Democrat/so.jpg
307,2847,video,/girl/summer.mp4
308,2099,image,/call/establish.mp4
309,1898,video,/key/particularly.jpg
310,406,video,/chance/full.jpg
311,2751,image,/today/pretty.jpg
312,2658,video,/short/surface.jpg
313,1235,video,/next/level.jpg
314,1680,image,/police/hundred.mp4
315,2801,video,/learn/stage.jpg
316,2520,image,/civil/fund.mp4
317,79,video,/film/owner.jpg
318,2760,image,/economic/unit.mp4
319,767,video,/direction/example.mp4
320,626,image,/difference/visit.mp4
321,284,image,/organization/include.mp4
322,1671,image,/enough/parent.jpg
323,1142,image,/buy/forward.jpg
324,976,image,/production/crime.mp4
325,2029,video,/some/forget.jpg
326,1930,image,/those/laugh.jpg
327,1877,image,/material/and.mp4
328,1004,video,/in/we.jpg
329,1530,video,/thank/why.jpg
330,103,image,/skin/common.jpg
331,1340,video,/early/follow.mp4
332,932,video,/structure/claim.jpg
333,2162,image,/truth/respond.mp4
334,991,image,/despite/beautiful.jpg
335,1710,video,/I/both.mp4
336,707,video,/will/them.mp4
337,1558,video,/indeed/magazine.mp4
338,2340,image,/entire/easy.jpg
339,121,video,/large/action.mp4
340,2833,image,/international/effort.jpg
341,2982,image,/people/really.jpg
342,94,video,/some/final.mp4
343,1899,image,/could/chair.mp4
344,2825,video,/she/special.jpg
345,747,image,/stock/shake.jpg
346,1535,image,/citizen/soon.mp4
347,502,video,/build/law.mp4
348,595,image,/difficult/with.jpg
349,17,image,/look/because.mp4
350,1347,video,/box/argue.jpg
351,93,image,/again/difficult.mp4
352,466,video,/arm/attorney.mp4
353,839,image,/attention/television.mp4
354,1676,video,/instead/effect.jpg
355,2053,video,/race/argue.jpg
356,2509,video,/election/rich.mp4
357,2620,video,/hair/likely.jpg
358,2800,image,/society/cultural.jpg
359,1395,image,/right/sign.mp4
360,1699,image,/major/then.jpg
361,1674,image,/he/rich.mp4
362,854,image,/remain/well.jpg
363,411,video,/note/Mr.mp4
364,2584,image,/radio/remember.jpg
365,102,image,/enjoy/field.jpg
366,204,image,/stand/per.jpg
367,1855,image,/plan/among.mp4
368,1645,video,/step/total.jpg
369,2924,image,/tough/chance.jpg
370,2347,image,/should/culture.jpg
371,2678,image,/small/relate.mp4
372,1504,image,/north/bill.jpg
373,1174,video,/tell/blue.jpg
374,1664,video,/even/strategy.mp4
375,677,video,/coach/alone.mp4
376,1682,image,/look/six.mp4
377,296,video,/fire/meeting.jpg
378,741,video,/answer/character.mp4
379,1519,video,/compare/kind.mp4
380,1145,image,/candidate/the.jpg
381,138,image,/college/down.mp4
382,1394,image,/brother/mission.jpg
383,2497,video,/store/rest.jpg
384,139,video,/director/outside.jpg
385,849,image,/near/cultural.mp4
386,1705,video,/former/single.jpg
387,1440,video,/campaign/part.mp4
388,2332,image,/somebody/part.jpg
389,2422,video,/sport/cup.mp4
390,1041,image,/others/his.mp4
391,2083,video,/course/provide.mp4
392,606,image,/professor/practice.mp4
393,2109,video,/daughter/lay.jpg
394,1199,video,/cup/free.jpg
395,2528,image,/amount/knowledge.mp4
396,2817,video,/floor/beautiful.jpg
397,77,image,/election/help.jpg
398,340,video,/see/head.mp4
399,1520,image,/moment/loss.mp4
400,1051,video,/may/television.mp4
401,616,video,/respond/half.mp4
402,1846,video,/stuff/player.jpg
403,841,video,/prepare/office.mp4
404,1876,image,/several/such.mp4
405,2594,video,/shoulder/difference.mp4
406,1177,video,/kitchen/work.mp4
407,588,image,/between/consumer.mp4
408,1691,image,/gas/produce.mp4
409,2726,video,/everyone/suggest.jpg
410,1696,video,/other/Mrs.jpg
411,2778,image,/material/training.jpg
412,1289,video,/really/road.jpg
413,661,video,/although/traditional.jpg
414,1506,image,/fact/figure.mp4
415,503,video,/section/fire.jpg
416,1816,image,/brother/hotel.mp4
417,741,video,/leg/tough.mp4
418,1641,image,/much/expert.jpg
419,529,video,/no/fund.mp4
420,90,video,/fact/future.mp4
421,1332,video,/project/book.jpg
422,1411,video,/debate/toward.mp4
423,948,image,/talk/me.jpg
424,2520,video,/plan/worker.jpg
425,2250,video,/here/national.jpg
426,2984,video,/will/physical.jpg
427,2007,video,/consider/notice.jpg
428,482,image,/nothing/provide.jpg
429,2928,video,/improve/sometimes.mp4
430,351,image,/with/perform.jpg
431,2028,video,/near/card.mp4
432,858,video,/name/worry.jpg
433,1033,video,/water/ability.jpg
434,1039,video,/customer/detail.jpg
435,316,video,/cultural/hotel.jpg
436,2069,video,/before/cost.mp4
437,1973,image,/day/attention.mp4
438,2387,video,/enough/clearly.jpg
439,1684,image,/pretty/age.jpg
440,2955,video,/personal/nation.mp4
441,150,image,/visit/although.jpg
442,2232,video,/agency/administration.jpg
443,955,image,/decade/rise.jpg
444,2403,image,/statement/century.jpg
445,2481,image,/ten/save.mp4
446,1923,video,/five/blue.jpg
447,2511,video,/official/early.jpg
448,1369,video,/morning/word.mp4
449,698,image,/body/human.jpg
450,2680,image,/responsibility/quite.jpg
451,2447,video,/board/institution.mp4
452,2025,video,/professor/student.mp4
453,1725,image,/necessary/rock.mp4
454,2278,image,/lawyer/but.jpg
455,1308,video,/focus/weight.jpg
456,186,image,/degree/beyond.mp4
457,1068,video,/wrong/film.mp4
458,1930,image,/appear/both.mp4
459,2171,video,/western/drive.jpg
460,1820,video,/line/compare.mp4
461,610,image,/really/strategy.mp4
462,752,image,/place/summer.mp4
463,1165,image,/tough/poor.mp4
464,238,image,/dinner/bill.mp4
465,1225,image,/oil/true.mp4
466,3000,image,/very/drug.mp4
467,2671,image,/bit/save.jpg
468,2733,image,/general/speech.mp4
469,2442,image,/begin/message.jpg
470,1,video,/form/prove.jpg
471,2221,video,/job/grow.jpg
472,2548,video,/expert/fast.jpg
473,1100,image,/near/include.mp4
474,940,image,/push/mean.jpg
475,1055,image,/fact/write.jpg
476,1150,video,/paper/cover.mp4
477,279,video,/whether/continue.mp4
478,2382,image,/seek/sea.mp4
479,698,video,/institution/may.jpg
480,383,image,/example/real.jpg
481,2945,video,/oil/forward.mp4
482,1398,video,/movie/manager.mp4
483,877,video,/thus/worry.mp4
484,1445,image,/remain/usually.mp4
485,1005,video,/entire/near.mp4
486,2141,image,/here/whether.mp4
487,659,image,/wife/anyone.mp4
488,517,video,/him/somebody.mp4
489,870,video,/own/fund.jpg
490,1631,image,/painting/develop.mp4
491,624,image,/amount/agreement.mp4
492,395,video,/hope/staff.mp4
493,2330,video,/each/national.mp4
494,106,video,/else/school.jpg
495,1479,video,/building/office.mp4
496,455,video,/PM/food.jpg
497,2084,video,/film/watch.mp4
498,1103,image,/attorney/story.mp4
499,1490,image,/occur/attention.jpg
500,1833,video,/goal/international.mp4
501,1129,video,/debate/blue.jpg
502,1043,image,/total/when.jpg
503,2830,video,/then/although.mp4
504,1270,image,/see/community.mp4
505,863,image,/discuss/Republican.jpg
506,811,image,/third/material.mp4
507,77,video,/forward/moment.jpg
508,2141,image,/official/trial.mp4
509,1471,image,/meeting/Mr.mp4
510,202,image,/evidence/kid.jpg
511,613,image,/character/event.jpg
512,462,video,/kid/decision.mp4
513,1752,video,/building/appear.mp4
514,2734,image,/by/environmental.jpg
515,135,image,/officer/manager.mp4
516,2978,image,/government/our.mp4
517,1408,image,/loss/far.jpg
518,1945,video,/majority/throw.mp4
519,402,video,/often/who.jpg
520,2769,video,/dinner/teacher.jpg
521,2754,video,/yet/work.jpg
522,1279,image,/woman/deal.mp4
523,2557,image,/case/today.jpg
524,1983,image,/relate/those.mp4
525,174,video,/material/drive.jpg
526,2843,image,/commercial/conference.mp4
527,1457,image,/view/culture.mp4
528,2,image,/wait/on.mp4
529,20,video,/consumer/lawyer.jpg
530,2389,video,/sound/movement.jpg
531,2704,image,/at/research.jpg
532,2596,image,/require/current.mp4
533,2459,image,/work/catch.mp4
534,1109,image,/themselves/want.mp4
535,1705,video,/ground/industry.mp4
536,918,image,/letter/person.jpg
537,1730,video,/politics/chance.jpg
538,413,video,/practice/add.mp4
539,684,image,/maybe/kid.jpg
540,2145,image,/modern/conference.mp4
541,1315,image,/all/measure.mp4
542,1496,video,/able/lot.jpg
543,169,video,/out/third.mp4
544,1429,image,/end/enjoy.jpg
545,1209,video,/act/relate.mp4
546,833,video,/clear/tough.jpg
547,531,video,/voice/prevent.mp4
548,2951,video,/down/change.mp4
549,338,video,/they/practice.mp4
550,63,video,/summer/commercial.jpg
551,734,image,/political/cultural.jpg
552,1763,image,/quite/and.jpg
553,1721,video,/writer/quality.jpg
554,2654,image,/identify/glass.jpg
555,1318,video,/control/serve.mp4
556,1765,video,/production/phone.mp4
557,2084,video,/everybody/federal.mp4
558,280,image,/stay/value.mp4
559,2290,image,/hard/seven.jpg
560,366,image,/people/system.mp4
561,1189,image,/use/key.mp4
562,2347,image,/on/piece.mp4
563,1474,image,/around/relationship.jpg
564,1792,video,/thing/few.mp4
565,2567,image,/religious/authority.jpg
566,1260,video,/floor/contain.jpg
567,449,image,/surface/send.jpg
568,2892,video,/center/get.jpg
569,82,video,/yes/recent.mp4
570,2854,image,/case/even.mp4
571,428,image,/say/create.jpg
572,927,video,/always/machine.mp4
573,986,image,/personal/study.mp4
574,2740,video,/out/exactly.jpg
575,259,image,/site/leader.mp4
576,1922,image,/budget/political.mp4
577,1749,video,/both/brother.mp4
578,2748,image,/shake/gas.jpg
579,2392,video,/or/hand.mp4
580,622,image,/carry/create.mp4
581,2085,video,/according/rate.jpg
582,2805,image,/mouth/recent.mp4
583,2268,video,/appear/green.jpg
584,2909,image,/method/nor.mp4
585,2361,video,/move/easy.jpg
586,332,image,/also/evening.jpg
587,2902,image,/artist/structure.jpg
588,2243,video,/effort/these.mp4
589,496,image,/think/sign.jpg
590,2128,image,/either/drive.mp4
591,2213,image,/field/show.mp4
592,1600,image,/appear/father.jpg
593,1906,image,/service/dog.mp4
594,2783,video,/mother/course.jpg
595,1588,video,/Congress/to.jpg
596,2790,image,/six/soon.jpg
597,475,video,/develop/many.jpg
598,1550,image,/interview/part.jpg
599,2786,video,/focus/create.mp4
600,994,video,/size/figure.mp4
601,1972,video,/herself/well.mp4
602,954,video,/late/hope.jpg
603,2632,video,/account/line.jpg
604,1367,image,/hit/discussion.mp4
605,158,image,/form/stock.mp4
606,2429,video,/late/short.mp4
607,2091,image,/kid/where.mp4
608,1583,image,/government/hand.mp4
609,444,image,/season/pattern.mp4
610,904,video,/unit/recent.mp4
611,1648,image,/air/shake.mp4
612,15,video,/into/recently.jpg
613,2463,video,/party/college.jpg
614,226,video,/wait/no.mp4
615,706,image,/writer/event.jpg
616,2342,image,/structure/service.jpg
617,349,image,/major/start.mp4
618,339,image,/they/make.mp4
619,1378,video,/address/face.jpg
620,2467,image,/truth/dog.jpg
621,1152,video,/doctor/check.mp4
622,832,video,/whose/yet.mp4
623,1542,video,/rate/arrive.jpg
624,2193,video,/when/try.jpg
625,2478,video,/about/us.jpg
626,1965,image,/economic/when.mp4
627,14,video,/quality/necessary.jpg
628,2596,video,/run/reveal.jpg
629,1105,video,/away/statement.mp4
630,672,image,/that/care.jpg
631,398,video,/return/research.mp4
632,478,video,/ball/wonder.mp4
633,672,image,/see/star.jpg
634,2802,video,/walk/toward.jpg
635,348,image,/issue/begin.jpg
636,2697,image,/represent/wish.mp4
637,2495,video,/even/center.mp4
638,389,video,/while/ground.jpg
639,1404,video,/air/media.mp4
640,1958,video,/minute/kid.jpg
641,1517,image,/while/relationship.mp4
642,1306,image,/budget/do.mp4
643,359,video,/behavior/receive.mp4
644,1520,image,/off/rich.jpg
645,1738,image,/body/analysis.jpg
646,1065,video,/while/garden.jpg
647,1629,image,/trouble/open.mp4
648,232,image,/clearly/cause.mp4
649,720,image,/cultural/figure.mp4
650,1527,image,/purpose/trip.jpg
651,1194,video,/usually/general.jpg
652,1130,image,/sometimes/maintain.jpg
653,36,image,/these/find.jpg
654,2578,image,/eat/official.mp4
655,2143,image,/out/almost.jpg
656,2800,video,/network/modern.mp4
657,2609,video,/everything/explain.mp4
658,232,video,/system/base.mp4
659,1831,image,/bank/phone.jpg
660,2060,image,/over/million.mp4
661,968,video,/civil/similar.mp4
662,1456,video,/different/challenge.mp4
663,2131,image,/son/word.mp4
664,1716,image,/education/case.jpg
665,582,video,/conference/computer.jpg
666,2619,video,/eye/black.mp4
667,1502,video,/clearly/tree.jpg
668,2429,image,/choice/media.mp4
669,567,image,/above/direction.jpg
670,2869,video,/age/democratic.mp4
671,2218,video,/sign/report.jpg
672,322,image,/great/deal.jpg
673,824,video,/kitchen/yeah.jpg
674,2157,image,/name/assume.mp4
675,2079,image,/agree/situation.jpg
676,580,image,/during/community.mp4
677,1336,video,/thousand/today.mp4
678,671,video,/rather/computer.jpg
679,1754,image,/large/lot.mp4
680,2387,image,/affect/receive.mp4
681,2923,video,/I/which.jpg
682,2249,video,/every/hotel.mp4
683,2749,image,/half/very.mp4
684,1878,image,/focus/will.jpg
685,1,image,/benefit/change.jpg
686,1775,video,/then/white.jpg
687,1094,image,/morning/show.jpg
688,2483,video,/place/and.mp4
689,1784,video,/none/company.jpg
690,2858,image,/detail/sort.jpg
691,613,image,/ahead/little.mp4
692,1925,image,/sure/have.mp4
693,724,image,/treatment/before.jpg
694,344,video,/travel/question.mp4
695,1690,video,/throughout/matter.jpg
696,1957,video,/upon/outside.mp4
697,146,video,/home/walk.mp4
698,1220,video,/any/family.mp4
699,256,image,/method/after.jpg
700,2179,image,/rather/forward.jpg
701,1875,video,/red/station.jpg
702,1697,image,/protect/up.mp4
703,2029,video,/he/want.jpg
704,617,image,/threat/conference.jpg
705,720,image,/case/fight.mp4
706,2072,image,/book/factor.jpg
707,1153,video,/final/blue.jpg
708,1645,video,/pick/book.jpg
709,2213,video,/go/activity.mp4
710,2920,image,/her/house.jpg
711,2247,video,/management/account.mp4
712,440,video,/fill/fine.jpg
713,2888,image,/knowledge/history.jpg
714,1377,image,/later/national.mp4
715,760,image,/always/significant.mp4
716,211,video,/there/drive.jpg
717,171,image,/audience/star.jpg
718,228,image,/character/suggest.mp4
719,230,image,/deep/become.mp4
720,1691,video,/him/outside.mp4
721,2442,image,/carry/difference.mp4
722,1683,image,/certainly/interesting.mp4
723,2738,video,/himself/class.jpg
724,1523,image,/change/language.jpg
725,1186,image,/walk/child.mp4
726,413,image,/young/must.mp4
727,1615,image,/southern/money.jpg
728,1377,video,/wide/plan.jpg
729,1402,video,/realize/yes.jpg
730,1148,video,/book/sister.jpg
731,116,image,/leader/never.jpg
732,840,image,/return/book.jpg
733,703,image,/light/will.mp4
734,1464,image,/difficult/trouble.mp4
735,692,video,/Republican/medical.mp4
736,261,image,/moment/star.mp4
737,203,video,/their/open.jpg
738,735,image,/word/phone.jpg
739,1673,video,/large/follow.mp4
740,1954,image,/happen/piece.jpg
741,270,image,/example/it.jpg
742,975,video,/listen/would.mp4
743,495,video,/will/once.jpg
744,1034,image,/language/area.jpg
745,2577,video,/lawyer/law.jpg
746,2138,image,/use/actually.mp4
747,1048,image,/unit/city.jpg
748,2332,video,/glass/interview.jpg
749,2992,video,/international/leader.jpg
750,1853,video,/quickly/hope.mp4
751,1614,video,/security/treatment.jpg
752,2824,image,/career/mention.jpg
753,2747,image,/college/adult.jpg
754,351,image,/us/according.jpg
755,2190,video,/protect/though.mp4
756,500,image,/animal/fish.jpg
757,1033,image,/fund/PM.mp4
758,2937,video,/fish/they.jpg
759,597,image,/tough/responsibility.jpg
760,904,image,/idea/life.jpg
761,919,image,/international/house.jpg
762,255,video,/yet/make.jpg
763,682,video,/indeed/available.mp4
764,748,image,/gas/least.jpg
765,2887,video,/watch/better.jpg
766,2138,image,/might/billion.mp4
767,1610,image,/three/he.jpg
768,2743,image,/edge/us.mp4
769,2699,video,/word/simply.mp4
770,16,video,/business/field.mp4
771,2516,image,/cultural/look.jpg
772,1593,image,/reflect/need.jpg
773,2105,image,/forward/above.mp4
774,840,image,/later/skill.jpg
775,1443,video,/family/become.jpg
776,1177,image,/might/morning.jpg
777,647,image,/threat/game.mp4
778,1512,image,/chair/necessary.jpg
779,275,video,/foreign/grow.mp4
780,2006,image,/Mrs/yourself.jpg
781,770,video,/form/head.jpg
782,2461,video,/teacher/parent.jpg
783,1860,image,/ability/indicate.jpg
784,1796,video,/probably/lay.jpg
785,2515,video,/beyond/maybe.jpg
786,1705,video,/much/top.mp4
787,923,video,/action/into.mp4
788,435,video,/group/go.mp4
789,989,video,/others/amount.jpg
790,1246,image,/imagine/ability.jpg
791,935,video,/often/play.jpg
792,702,video,/central/sister.mp4
793,130,video,/approach/word.jpg
794,931,image,/increase/something.mp4
795,1027,image,/film/ball.jpg
796,2033,video,/before/control.mp4
797,721,video,/run/feeling.jpg
798,1838,video,/those/cold.jpg
799,2502,image,/interview/late.jpg
800,2275,video,/computer/performance.jpg
801,41,image,/far/hundred.mp4
802,2457,video,/know/politics.jpg
803,1949,image,/certainly/itself.jpg
804,1189,video,/because/benefit.jpg
805,1997,video,/human/whole.mp4
806,1081,image,/rate/near.jpg
807,2149,video,/organization/Democrat.jpg
808,2733,image,/low/audience.jpg
809,2371,image,/do/foot.jpg
810,2746,image,/history/sort.mp4
811,2582,video,/per/system.mp4
812,88,video,/far/poor.jpg
813,2975,image,/entire/small.mp4
814,452,video,/power/technology.jpg
815,1636,image,/exist/police.mp4
816,1458,video,/someone/president.mp4
817,232,video,/measure/treatment.jpg
818,689,video,/century/country.mp4
819,128,image,/financial/how.jpg
820,864,video,/father/man.jpg
821,2254,image,/make/form.jpg
822,445,image,/section/interesting.jpg
823,2459,video,/fill/quality.jpg
824,694,image,/sense/letter.mp4
825,1039,video,/middle/what.mp4
826,1070,video,/five/major.mp4
827,271,image,/adult/feeling.mp4
828,394,image,/garden/almost.jpg
829,171,video,/catch/today.jpg
830,2732,video,/air/prepare.mp4
831,2367,video,/wait/idea.jpg
832,537,video,/total/movie.mp4
833,1080,image,/decide/ready.mp4
834,1549,image,/lead/movement.jpg
835,49,image,/sometimes/cut.jpg
836,1189,image,/six/ever.mp4
837,11,video,/drop/shake.mp4
838,1157,image,/possible/sort.jpg
839,1541,video,/much/popular.jpg
840,2019,image,/prove/start.jpg
841,1936,video,/job/I.mp4
842,153,image,/information/throw.jpg
843,2393,video,/name/now.jpg
844,2636,image,/fill/reason.mp4
845,649,image,/affect/everybody.mp4
846,1194,image,/shake/list.mp4
847,1222,image,/tend/between.mp4
848,949,image,/action/challenge.mp4
849,2607,image,/science/traditional.mp4
850,234,image,/born/wish.mp4
851,11,video,/social/but.mp4
852,160,video,/interview/example.jpg
853,139,image,/during/term.mp4
854,2055,video,/population/value.mp4
855,1612,image,/meet/song.jpg
856,849,video,/meet/eat.jpg
857,167,image,/director/at.mp4
858,950,image,/article/leg.mp4
859,2697,video,/new/account.mp4
860,868,image,/state/election.jpg
861,2077,video,/data/cause.mp4
862,2669,image,/their/rich.mp4
863,1323,video,/operation/cover.mp4
864,1092,image,/perform/already.mp4
865,1382,image,/window/reality.mp4
866,1245,image,/my/physical.mp4
867,2652,video,/become/hear.mp4
868,1834,image,/if/garden.jpg
869,2018,video,/everyone/somebody.mp4
870,1641,video,/learn/they.jpg
871,2116,image,/today/include.mp4
872,1646,image,/program/tend.jpg
873,1691,image,/indicate/reflect.mp4
874,2476,video,/whole/throughout.mp4
875,1955,image,/they/seem.jpg
876,2056,video,/field/station.jpg
877,1644,video,/phone/month.jpg
878,2334,video,/red/visit.jpg
879,429,video,/production/TV.mp4
880,106,video,/citizen/available.jpg
881,1472,image,/tend/investment.mp4
882,2656,image,/day/hard.mp4
883,1620,image,/fight/look.jpg
884,57,video,/practice/when.jpg
885,1445,video,/nor/bag.jpg
886,2104,video,/your/forget.mp4
887,1585,video,/source/share.mp4
888,280,video,/term/maintain.mp4
889,2615,image,/international/education.jpg
890,2099,image,/everyone/available.mp4
891,246,video,/measure/me.jpg
892,89,image,/front/return.mp4
893,313,image,/myself/because.mp4
894,206,image,/article/return.mp4
895,1528,video,/voice/radio.mp4
896,1976,video,/true/choice.mp4
897,1458,image,/create/development.jpg
898,1229,video,/thousand/road.jpg
899,1295,video,/understand/article.jpg
900,1065,image,/Mr/market.jpg
901,342,image,/operation/could.jpg
902,1898,image,/later/century.mp4
903,2607,image,/study/trade.jpg
904,2799,video,/official/ready.jpg
905,1512,image,/unit/same.mp4
906,307,video,/though/throw.mp4
907,2639,video,/more/list.jpg
908,1819,image,/a/structure.jpg
909,2166,video,/office/choice.jpg
910,1968,image,/single/shoulder.jpg
911,241,image,/about/front.jpg
912,2348,video,/suggest/different.mp4
913,1144,video,/they/effort.mp4
914,2193,video,/report/realize.mp4
915,2246,video,/share/foot.mp4
916,1219,video,/each/suddenly.jpg
917,582,image,/total/situation.mp4
918,504,video,/model/after.jpg
919,211,image,/edge/threat.jpg
920,1059,image,/improve/share.mp4
921,2574,video,/assume/international.mp4
922,989,video,/building/away.mp4
923,421,image,/realize/along.jpg
924,1404,video,/someone/voice.mp4
925,34,image,/free/travel.jpg
926,2218,video,/on/smile.mp4
927,1464,image,/possible/lose.jpg
928,1923,image,/fear/as.mp4
929,1667,video,/phone/phone.jpg
930,592,video,/control/effect.mp4
931,1863,video,/quality/seem.mp4
932,249,video,/campaign/health.jpg
933,285,video,/or/argue.mp4
934,243,video,/chair/language.mp4
935,357,video,/significant/only.mp4
936,497,image,/back/beyond.jpg
937,2903,video,/prevent/only.jpg
938,1847,image,/move/to.jpg
939,2926,image,/cut/themselves.mp4
940,1281,video,/reduce/note.mp4
941,250,video,/black/or.mp4
942,40,image,/many/natural.jpg
943,1702,video,/agency/value.jpg
944,2721,video,/environment/military.mp4
945,641,image,/special/year.jpg
946,1403,image,/machine/trouble.jpg
947,2229,image,/all/here.jpg
948,161,video,/research/movement.mp4
949,426,video,/consider/issue.jpg
950,940,video,/ability/defense.jpg
951,1856,video,/give/challenge.mp4
952,1555,video,/response/front.mp4
953,2402,image,/citizen/reason.mp4
954,2608,image,/break/and.mp4
955,2541,video,/indeed/theory.jpg
956,1307,image,/official/program.jpg
957,394,image,/north/until.jpg
958,1312,image,/including/beyond.jpg
959,1612,video,/open/message.jpg
960,2058,image,/indicate/few.jpg
961,87,video,/someone/word.mp4
962,1470,image,/like/security.jpg
963,1505,video,/in/question.jpg
964,2615,video,/else/offer.mp4
965,1185,image,/record/well.mp4
966,2917,video,/true/lot.mp4
967,1975,video,/whose/personal.mp4
968,716,image,/current/out.jpg
969,2660,video,/raise/specific.mp4
970,73,video,/country/raise.jpg
971,2724,image,/try/beautiful.jpg
972,1422,image,/television/join.jpg
973,716,video,/card/election.jpg
974,2938,image,/floor/he.jpg
975,1710,image,/believe/tell.jpg
976,715,video,/summer/relationship.mp4
977,1717,video,/animal/good.mp4
978,268,video,/mean/physical.jpg
979,348,image,/east/certainly.jpg
980,1310,video,/study/various.mp4
981,1337,video,/difference/language.jpg
982,308,image,/upon/hold.jpg
983,641,image,/white/challenge.jpg
984,838,video,/note/follow.mp4
985,2196,video,/about/anyone.mp4
986,2477,image,/heavy/cup.mp4
987,2014,video,/away/main.mp4
988,1442,video,/source/avoid.jpg
989,1813,video,/coach/ready.jpg
990,372,video,/spring/nor.mp4
991,958,video,/smile/student.mp4
992,87,video,/but/police.jpg
993,2880,image,/south/life.mp4
994,781,video,/can/real.jpg
995,2941,image,/pass/forget.mp4
996,1602,video,/western/well.jpg
997,2446,image,/garden/suffer.mp4
998,2064,video,/happen/cup.mp4
999,2649,video,/political/matter.mp4
1000,440,video,/according/seem.mp4
1001,1096,video,/grow/job.jpg
1002,2167,image,/land/white.jpg
1003,999,video,/road/meet.mp4
1004,1263,image,/really/various.mp4
1005,1100,image,/religious/window.mp4
1006,1542,video,/well/through.mp4
1007,1365,image,/month/stop.jpg
1008,1713,video,/phone/source.jpg
1009,2798,video,/read/energy.jpg
1010,2030,image,/source/often.jpg
1011,594,image,/together/memory.mp4
1012,736,video,/yet/answer.jpg
1013,1197,image,/city/machine.mp4
1014,45,image,/kitchen/she.mp4
1015,2177,image,/help/focus.mp4
1016,206,video,/stop/I.jpg
1017,2092,image,/crime/need.jpg
1018,971,video,/customer/drive.mp4
1019,2937,video,/president/apply.jpg
1020,894,image,/day/team.jpg
1021,618,video,/third/pattern.mp4
1022,502,video,/natural/anything.mp4
1023,1134,image,/law/common.mp4
1024,2935,video,/develop/his.jpg
1025,2387,video,/leader/interview.mp4
1026,2861,video,/this/bar.mp4
1027,2305,video,/not/instead.mp4
1028,731,image,/should/pattern.mp4
1029,570,image,/her/mission.jpg
1030,566,video,/sell/everybody.jpg
1031,260,video,/realize/beat.jpg
1032,692,video,/increase/any.jpg
1033,2684,image,/blood/drug.jpg
1034,788,image,/teach/soon.jpg
1035,1487,image,/buy/type.mp4
1036,930,image,/contain/owner.mp4
1037,2537,image,/early/local.mp4
1038,684,video,/glass/home.mp4
1039,765,image,/environmental/both.jpg
1040,794,video,/age/him.mp4
1041,2939,video,/most/range.mp4
1042,719,image,/child/nor.jpg
1043,346,image,/kind/rather.mp4
1044,1962,image,/population/newspaper.jpg
1045,228,image,/difficult/certainly.jpg
1046,2858,video,/production/high.jpg
1047,1418,image,/large/rest.mp4
1048,240,video,/may/story.jpg
1049,260,video,/air/entire.jpg
1050,949,video,/author/fact.mp4
1051,2493,video,/listen/could.mp4
1052,108,image,/same/success.jpg
1053,2168,image,/hospital/form.mp4
1054,1484,video,/serve/challenge.mp4
1055,2208,image,/beautiful/responsibility.jpg
1056,1734,video,/measure/close.mp4
1057,2422,video,/animal/sea.mp4
1058,677,image,/morning/thousand.mp4
1059,1608,video,/model/around.jpg
1060,1076,video,/include/despite.jpg
1061,1149,video,/weight/professional.jpg
1062,2307,image,/her/one.mp4
1063,1850,image,/subject/one.jpg
1064,337,video,/sound/next.jpg
1065,546,image,/strong/store.jpg
1066,1692,video,/baby/least.mp4
1067,2282,video,/black/listen.jpg
1068,2838,image,/follow/him.jpg
1069,2165,image,/artist/increase.jpg
1070,252,video,/consumer/idea.mp4
1071,1171,video,/personal/group.jpg
1072,1410,image,/southern/offer.mp4
1073,2492,image,/level/middle.jpg
1074,281,image,/practice/ok.jpg
1075,1911,video,/open/hope.mp4
1076,1026,image,/thus/tonight.mp4
1077,1477,image,/rock/rise.jpg
1078,1234,video,/light/loss.jpg
1079,2650,video,/position/specific.mp4
1080,1961,video,/kitchen/business.jpg
1081,589,image,/ten/economy.mp4
1082,1543,video,/herself/bag.mp4
1083,696,video,/pattern/yes.jpg
1084,2582,image,/cold/her.jpg
1085,1594,image,/total/choice.mp4
1086,454,video,/up/cell.jpg
1087,349,video,/over/report.mp4
1088,332,video,/low/expect.jpg
1089,2649,image,/side/computer.jpg
1090,28,image,/miss/song.jpg
1091,2360,video,/house/season.jpg
1092,1368,image,/similar/chair.jpg
1093,1320,image,/debate/focus.jpg
1094,174,video,/short/form.jpg
1095,1787,image,/land/campaign.jpg
1096,448,video,/green/position.mp4
1097,2088,video,/avoid/yourself.mp4
1098,2940,video,/travel/artist.jpg
1099,2975,image,/ok/new.jpg
1100,5,video,/military/try.mp4
1101,2704,image,/yes/kitchen.jpg
1102,451,video,/ground/college.mp4
1103,2703,video,/right/money.jpg
1104,2945,image,/a/truth.mp4
1105,1370,video,/agree/country.mp4
1106,2776,image,/week/worker.mp4
1107,2151,image,/according/stuff.jpg
1108,1299,image,/seek/four.mp4
1109,848,image,/rich/sell.jpg
1110,2642,image,/mind/interesting.jpg
1111,278,video,/behind/somebody.mp4
1112,235,video,/administration/nearly.jpg
1113,1969,video,/school/once.mp4
1114,181,image,/after/where.jpg
1115,1043,image,/room/create.mp4
1116,2625,image,/subject/military.mp4
1117,647,video,/your/hold.jpg
1118,2196,image,/president/which.mp4
1119,497,image,/recent/then.jpg
1120,935,image,/majority/step.jpg
1121,2747,video,/action/if.mp4
1122,105,video,/like/theory.mp4
1123,1931,image,/start/country.jpg
1124,13,video,/how/final.jpg
1125,1665,image,/theory/our.mp4
1126,2113,image,/shoulder/someone.jpg
1127,990,image,/painting/scene.jpg
1128,595,video,/pretty/program.mp4
1129,2717,video,/ten/head.jpg
1130,2181,image,/computer/high.mp4
1131,821,image,/fall/green.mp4
1132,41,video,/husband/support.jpg
1133,1764,image,/unit/sign.mp4
1134,1336,video,/budget/agree.jpg
1135,2970,image,/leg/somebody.mp4
1136,1000,image,/hit/make.jpg
1137,2479,image,/year/order.mp4
1138,467,video,/support/move.mp4
1139,1461,video,/or/author.jpg
1140,2223,image,/control/since.jpg
1141,759,video,/town/parent.mp4
1142,1641,video,/be/social.jpg
1143,1577,video,/under/yet.jpg
1144,1572,image,/nothing/agent.mp4
1145,1296,image,/growth/none.jpg
1146,2671,video,/usually/want.mp4
1147,2471,image,/within/rock.jpg
1148,2420,image,/pressure/allow.jpg
1149,895,image,/need/American.jpg
1150,1662,video,/civil/citizen.jpg
1151,200,image,/usually/most.mp4
1152,537,video,/computer/hour.mp4
1153,887,video,/strategy/so.jpg
1154,1973,video,/story/mind.jpg
1155,310,image,/series/wall.jpg
1156,613,video,/near/look.mp4
1157,467,video,/organization/size.jpg
1158,239,image,/green/east.mp4
1159,2792,video,/beautiful/evening.mp4
1160,2307,image,/form/election.mp4
1161,1803,image,/hear/pattern.mp4
1162,1218,video,/rate/police.mp4
1163,1086,video,/billion/still.jpg
1164,1306,video,/enjoy/listen.jpg
1165,339,video,/stuff/never.mp4
1166,1264,image,/then/hour.jpg
1167,1620,image,/gun/able.jpg
1168,1210,image,/sometimes/each.mp4
1169,2092,video,/stock/staff.jpg
1170,1652,image,/structure/true.jpg
1171,1969,video,/budget/thousand.jpg
1172,2435,image,/mention/probably.jpg
1173,141,image,/plant/project.jpg
1174,1542,image,/once/difficult.jpg
1175,769,video,/shoulder/southern.mp4
1176,1284,video,/practice/civil.jpg
1177,1250,image,/building/may.jpg
1178,2024,video,/movement/those.mp4
1179,2128,video,/establish/beat.mp4
1180,2596,video,/dream/peace.jpg
1181,881,image,/yes/health.mp4
1182,1275,image,/phone/remember.jpg
1183,1925,video,/activity/subject.jpg
1184,2374,image,/gun/draw.jpg
1185,936,video,/management/apply.mp4
1186,534,video,/bit/can.jpg
1187,1443,video,/marriage/line.jpg
1188,967,image,/save/key.mp4
1189,14,video,/drop/page.mp4
1190,1620,video,/bring/news.mp4
1191,75,video,/claim/others.mp4
1192,1879,image,/character/safe.jpg
1193,1443,video,/amount/can.mp4
1194,2588,image,/only/trouble.mp4
1195,2527,image,/rest/generation.mp4
1196,835,image,/option/these.mp4
1197,730,image,/want/especially.jpg
1198,1639,video,/tough/opportunity.jpg
1199,763,image,/theory/product.jpg
1200,2113,video,/hand/difference.mp4
1201,25,image,/body/food.mp4
1202,2174,video,/dinner/condition.mp4
1203,2398,image,/purpose/these.mp4
1204,377,video,/appear/north.mp4
1205,332,video,/relationship/appear.jpg
1206,1694,image,/relate/stuff.jpg
1207,2713,video,/drive/foot.jpg
1208,2332,video,/possible/trip.mp4
1209,1655,image,/charge/figure.mp4
1210,2653,video,/suggest/form.mp4
1211,1693,video,/today/low.mp4
1212,432,image,/difficult/hot.mp4
1213,215,image,/news/evening.jpg
1214,2004,image,/sister/information.jpg
1215,2205,video,/box/day.mp4
1216,278,image,/serious/drop.jpg
1217,2373,video,/garden/part.jpg
1218,95,video,/answer/fund.jpg
1219,911,video,/foot/ahead.jpg
1220,1687,video,/account/cup.mp4
1221,2198,image,/five/even.mp4
1222,1232,image,/reason/risk.jpg
1223,8,image,/popular/interesting.jpg
1224,1802,video,/money/ten.jpg
1225,787,image,/record/blood.mp4
1226,276,image,/truth/billion.mp4
1227,2899,video,/establish/town.jpg
1228,1718,video,/mean/occur.mp4
1229,914,image,/when/style.jpg
1230,2546,image,/throw/pressure.jpg
1231,2147,video,/ahead/wrong.mp4
1232,688,video,/kind/president.mp4
1233,1728,image,/anything/sport.mp4
1234,893,image,/game/information.jpg
1235,1059,video,/pattern/many.jpg
1236,2048,image,/sport/relationship.jpg
1237,2367,image,/effect/among.mp4
1238,2414,video,/theory/year.mp4
1239,1860,video,/ask/something.mp4
1240,968,video,/time/officer.mp4
1241,529,image,/turn/staff.mp4
1242,656,image,/from/protect.mp4
1243,2116,video,/respond/appear.jpg
1244,1722,image,/common/for.mp4
1245,86,image,/water/lawyer.mp4
1246,2380,image,/some/feeling.jpg
1247,432,image,/section/reach.jpg
1248,1320,image,/industry/treatment.jpg
1249,139,image,/goal/bank.jpg
1250,1157,video,/light/small.jpg
1251,2512,video,/look/north.jpg
1252,901,image,/area/yourself.mp4
1253,1090,video,/degree/when.mp4
1254,2126,video,/question/discussion.jpg
1255,632,image,/upon/nice.jpg
1256,235,video,/provide/include.jpg
1257,798,image,/training/station.mp4
1258,2877,video,/expert/friend.mp4
1259,1194,image,/authority/tax.mp4
1260,1244,image,/draw/learn.jpg
1261,2150,video,/friend/rule.jpg
1262,1742,image,/structure/sign.mp4
1263,1470,image,/form/control.jpg
1264,526,video,/yet/majority.jpg
1265,1582,video,/various/imagine.jpg
1266,2718,image,/ball/ten.jpg
1267,1200,video,/nature/last.mp4
1268,1858,image,/various/wrong.mp4
1269,2303,video,/thing/thank.mp4
1270,350,video,/across/matter.jpg
1271,512,image,/test/today.mp4
1272,775,image,/before/also.mp4
1273,1448,image,/whom/their.mp4
1274,166,video,/wonder/risk.mp4
1275,190,video,/business/minute.mp4
1276,2996,image,/major/Democrat.mp4
1277,1857,image,/type/real.mp4
1278,106,video,/history/buy.mp4
1279,1904,video,/science/total.jpg
1280,1688,image,/himself/use.jpg
1281,2308,image,/skin/nature.jpg
1282,749,video,/effect/society.jpg
1283,2745,video,/spend/church.jpg
1284,2298,image,/finish/technology.mp4
1285,2727,image,/which/him.jpg
1286,296,video,/hope/skill.jpg
1287,65,video,/condition/purpose.jpg
1288,1956,image,/affect/sea.jpg
1289,2679,video,/if/across.mp4
1290,896,image,/follow/adult.jpg
1291,2308,video,/set/window.mp4
1292,2890,image,/speech/use.jpg
1293,1001,video,/who/decide.mp4
1294,1689,image,/bar/you.jpg
1295,684,image,/special/likely.mp4
1296,1191,image,/wonder/recognize.mp4
1297,1295,image,/watch/special.jpg
1298,438,image,/include/picture.jpg
1299,1689,image,/later/form.mp4
1300,2837,video,/almost/already.mp4
1301,2360,video,/line/newspaper.mp4
1302,2540,image,/music/question.jpg
1303,2157,image,/cause/picture.jpg
1304,250,video,/picture/few.mp4
1305,1425,video,/whether/size.mp4
1306,1682,image,/himself/enjoy.jpg
1307,2212,image,/world/able.jpg
1308,2177,image,/together/all.mp4
1309,396,image,/color/cultural.jpg
1310,2711,video,/better/occur.jpg
1311,256,video,/believe/among.mp4
1312,788,image,/ground/two.jpg
1313,1780,video,/hotel/player.mp4
1314,1856,video,/like/still.mp4
1315,21,image,/talk/cultural.mp4
1316,1977,image,/game/to.mp4
1317,910,video,/probably/free.mp4
1318,180,video,/though/be.mp4
1319,2642,video,/pretty/point.mp4
1320,2554,video,/fill/peace.mp4
1321,2280,video,/method/leg.mp4
1322,2293,video,/career/thing.mp4
1323,2520,video,/positive/drop.mp4
1324,517,image,/also/back.mp4
1325,2384,video,/these/cup.mp4
1326,1537,video,/machine/none.mp4
1327,1216,image,/student/work.mp4
1328,1058,video,/chance/difference.mp4
1329,994,video,/important/anyone.jpg
1330,2332,image,/rise/teach.mp4
1331,86,video,/receive/officer.jpg
1332,1453,video,/Democrat/base.mp4
1333,389,image,/leader/we.mp4
1334,2328,image,/customer/lay.jpg
1335,811,video,/language/responsibility.mp4
1336,1177,video,/story/task.jpg
1337,1784,image,/expert/into.jpg
1338,1209,image,/allow/college.jpg
1339,307,video,/tax/theory.jpg
1340,664,video,/third/home.jpg
1341,813,image,/Mr/admit.mp4
1342,279,image,/nice/north.mp4
1343,2253,image,/support/job.jpg
1344,2305,video,/floor/company.mp4
1345,2433,image,/baby/PM.jpg
1346,199,video,/would/run.jpg
1347,1112,video,/according/center.jpg
1348,803,image,/guy/stage.mp4
1349,2509,video,/party/Mr.mp4
1350,1854,image,/suffer/school.mp4
1351,654,video,/Republican/film.jpg
1352,2174,video,/ten/thing.jpg
1353,962,video,/pass/herself.mp4
1354,2926,image,/ready/rate.jpg
1355,2882,video,/measure/center.jpg
1356,2896,video,/turn/next.mp4
1357,353,image,/alone/voice.jpg
1358,2514,video,/grow/deep.mp4
1359,1902,image,/change/want.jpg
1360,1426,image,/my/store.mp4
1361,2360,image,/foot/give.jpg
1362,732,image,/moment/thank.jpg
1363,2482,image,/memory/key.jpg
1364,2667,image,/affect/certain.mp4
1365,2379,video,/turn/action.jpg
1366,1909,video,/coach/get.jpg
1367,198,video,/his/board.jpg
1368,2179,video,/southern/shoulder.jpg
1369,2059,image,/into/head.jpg
1370,503,image,/stock/simple.jpg
1371,2145,video,/magazine/administration.mp4
1372,2876,video,/government/each.jpg
1373,22,image,/particular/character.jpg
1374,2922,video,/score/yeah.mp4
1375,1203,video,/outside/them.jpg
1376,1586,image,/suddenly/evidence.jpg
1377,429,video,/fire/husband.jpg
1378,2735,video,/resource/detail.jpg
1379,195,image,/serve/home.jpg
1380,865,video,/here/region.jpg
1381,1522,video,/nor/possible.jpg
1382,2043,video,/popular/relate.mp4
1383,916,video,/nearly/system.jpg
1384,1295,image,/single/vote.mp4
1385,1276,video,/box/street.jpg
1386,706,video,/rest/treat.jpg
1387,1347,image,/air/recognize.jpg
1388,2225,image,/line/also.jpg
1389,1310,image,/dog/necessary.jpg
1390,2871,image,/crime/strategy.mp4
1391,1120,image,/event/style.jpg
1392,82,video,/floor/perform.mp4
1393,2534,video,/prepare/through.jpg
1394,2961,video,/child/group.mp4
1395,2733,image,/suddenly/look.mp4
1396,11,video,/ten/poor.jpg
1397,905,image,/section/apply.mp4
1398,7,image,/agreement/office.jpg
1399,2457,image,/letter/truth.jpg
1400,2406,video,/claim/interview.jpg
1401,771,image,/itself/TV.jpg
1402,569,image,/event/free.mp4
1403,2258,video,/manager/practice.mp4
1404,1831,image,/front/may.mp4
1405,1109,video,/back/water.jpg
1406,377,video,/power/hold.mp4
1407,2308,video,/hear/bad.mp4
1408,1968,image,/once/idea.jpg
1409,2948,image,/light/tree.jpg
1410,352,video,/president/chair.jpg
1411,1098,image,/control/action.jpg
1412,2232,video,/born/floor.mp4
1413,2447,image,/move/energy.mp4
1414,2240,image,/fact/knowledge.mp4
1415,1467,image,/around/serious.mp4
1416,1597,image,/song/college.mp4
1417,87,image,/college/grow.mp4
1418,1519,video,/important/growth.jpg
1419,1875,image,/leg/dark.mp4
1420,2253,video,/Mrs/society.mp4
1421,1058,video,/theory/before.mp4
1422,1468,video,/rate/case.jpg
1423,2069,image,/contain/professional.mp4
1424,1639,video,/recent/time.mp4
1425,2913,video,/hour/accept.jpg
1426,1719,image,/although/watch.mp4
1427,1446,video,/across/own.jpg
1428,1752,image,/all/that.mp4
1429,2504,video,/clear/share.jpg
1430,1334,video,/popular/election.mp4
1431,925,image,/sister/big.jpg
1432,2080,image,/become/sister.mp4
1433,2958,video,/accept/such.jpg
1434,1396,image,/administration/smile.mp4
1435,935,image,/language/bad.jpg
1436,1484,video,/seat/probably.jpg
1437,2003,image,/result/occur.jpg
1438,1804,video,/pretty/enter.jpg
1439,1858,image,/government/magazine.jpg
1440,1287,image,/unit/bag.mp4
1441,1265,video,/personal/you.jpg
1442,326,video,/thank/involve.mp4
1443,1423,image,/gas/away.jpg
1444,665,video,/your/raise.mp4
1445,1939,image,/really/bad.jpg
1446,802,video,/pressure/us.mp4
1447,974,image,/apply/agent.mp4
1448,665,video,/land/table.jpg
1449,2493,image,/statement/place.jpg
1450,1372,video,/base/character.mp4
1451,2679,video,/need/long.jpg
1452,2098,video,/certain/grow.jpg
1453,2883,video,/bad/hard.mp4
1454,426,image,/receive/pick.jpg
1455,295,image,/rather/population.mp4
1456,2621,image,/without/couple.mp4
1457,2410,video,/blood/become.mp4
1458,384,video,/cell/yeah.mp4
1459,2001,video,/hair/white.mp4
1460,290,video,/simply/rock.jpg
1461,1583,image,/run/the.mp4
1462,1954,image,/hot/seat.jpg
1463,1825,video,/program/campaign.mp4
1464,1940,video,/require/any.mp4
1465,2460,image,/remain/thing.mp4
1466,105,image,/civil/alone.jpg
1467,1286,video,/body/adult.mp4
1468,2395,image,/trial/around.jpg
1469,159,video,/hold/also.jpg
1470,1389,video,/give/box.mp4
1471,2459,video,/rate/know.jpg
1472,276,video,/drug/drug.mp4
1473,729,video,/lead/general.jpg
1474,1653,video,/arm/happen.mp4
1475,2297,image,/executive/federal.mp4
1476,268,video,/job/wind.mp4
1477,353,image,/process/American.jpg
1478,967,image,/service/whom.mp4
1479,2450,image,/player/name.jpg
1480,437,video,/Mr/something.jpg
1481,1913,video,/sometimes/threat.jpg
1482,2122,video,/camera/concern.jpg
1483,1539,video,/big/thus.mp4
1484,2218,image,/material/bad.mp4
1485,223,video,/hand/early.jpg
1486,372,video,/letter/save.mp4
1487,1015,image,/seem/coach.mp4
1488,2851,video,/bag/force.mp4
1489,948,image,/television/exist.jpg
1490,197,image,/value/leader.jpg
1491,2342,video,/body/spend.jpg
1492,921,image,/letter/message.mp4
1493,2304,image,/week/story.mp4
1494,2788,video,/nor/investment.mp4
1495,834,image,/the/community.jpg
1496,2444,image,/gas/plan.jpg
1497,1679,image,/speech/financial.mp4
1498,171,video,/task/room.mp4
1499,2005,image,/world/sit.mp4
1500,1483,image,/bill/soon.mp4
1501,2956,image,/agree/Mrs.jpg
1502,536,image,/account/somebody.jpg
1503,2611,video,/clear/pretty.jpg
1504,2629,video,/reason/either.mp4
1505,836,video,/ok/remember.mp4
1506,1595,video,/military/less.jpg
1507,1537,video,/practice/treatment.mp4
1508,1901,video,/leader/ball.jpg
1509,2473,image,/worker/use.mp4
1510,531,video,/lay/recently.mp4
1511,1137,image,/fly/doctor.mp4
1512,2875,image,/determine/public.mp4
1513,2146,image,/maybe/white.jpg
1514,1656,video,/poor/idea.mp4
1515,1323,image,/economic/travel.jpg
1516,1029,video,/however/onto.mp4
1517,2483,video,/floor/I.jpg
1518,823,video,/sister/worry.mp4
1519,1,image,/agent/yet.jpg
1520,73,video,/executive/mind.mp4
1521,1879,video,/many/data.mp4
1522,177,image,/great/happy.mp4
1523,618,video,/simply/TV.jpg
1524,1169,image,/responsibility/talk.jpg
1525,2176,image,/approach/real.jpg
1526,669,image,/eight/necessary.jpg
1527,1266,image,/choice/poor.mp4
1528,2047,video,/window/half.jpg
1529,2738,image,/health/piece.mp4
1530,155,video,/such/everything.jpg
1531,573,image,/realize/partner.mp4
1532,1581,video,/article/three.mp4
1533,263,image,/western/story.mp4
1534,2501,image,/art/discuss.jpg
1535,1520,image,/American/talk.mp4
1536,490,video,/draw/generation.jpg
1537,1660,video,/provide/single.jpg
1538,445,image,/oil/feeling.mp4
1539,691,video,/manager/loss.mp4
1540,1781,image,/edge/forward.mp4
1541,1076,video,/past/mind.mp4
1542,1997,video,/own/eye.jpg
1543,990,video,/recently/I.mp4
1544,16,image,/travel/herself.mp4
1545,2127,image,/course/mention.mp4
1546,461,image,/new/both.jpg
1547,926,image,/future/drive.jpg
1548,1655,image,/material/move.jpg
1549,1312,image,/gas/read.jpg
1550,100,video,/outside/vote.mp4
1551,1060,video,/short/feel.jpg
1552,825,video,/manage/allow.jpg
1553,248,image,/glass/and.jpg
1554,1569,image,/check/explain.mp4
1555,2440,image,/pattern/daughter.mp4
1556,1886,image,/be/fish.jpg
1557,922,video,/reflect/court.mp4
1558,1846,video,/ago/four.mp4
1559,91,video,/according/kind.mp4
1560,1638,image,/attention/performance.jpg
1561,562,video,/meeting/personal.mp4
1562,216,image,/still/yet.mp4
1563,2339,video,/because/there.jpg
1564,2320,video,/doctor/college.jpg
1565,2146,image,/could/seven.jpg
1566,1077,image,/you/ten.mp4
1567,1421,video,/fear/loss.jpg
1568,703,video,/field/bad.jpg
1569,2942,image,/spring/well.mp4
1570,2872,image,/raise/future.mp4
1571,2702,image,/future/education.mp4
1572,1746,video,/read/food.jpg
1573,204,image,/thought/either.mp4
1574,1846,image,/though/wear.jpg
1575,608,image,/everybody/candidate.jpg
1576,2663,image,/exist/process.mp4
1577,559,image,/data/mean.jpg
1578,1625,image,/clearly/job.mp4
1579,1255,video,/enter/soon.mp4
1580,1671,video,/former/third.jpg
1581,1265,image,/medical/bill.mp4
1582,2594,image,/machine/for.jpg
1583,1524,image,/set/research.mp4
1584,468,video,/world/pass.mp4
1585,2411,video,/social/since.jpg
1586,1623,image,/pick/country.jpg
1587,477,image,/western/space.jpg
1588,2317,image,/rule/above.mp4
1589,2733,image,/lot/happen.mp4
1590,2195,video,/risk/newspaper.jpg
1591,2273,video,/admit/magazine.mp4
1592,187,video,/federal/near.mp4
1593,2083,image,/send/policy.mp4
1594,1143,image,/teacher/finish.jpg
1595,23,video,/hope/especially.mp4
1596,2699,video,/audience/out.mp4
1597,256,image,/for/discussion.mp4
1598,2108,image,/less/focus.mp4
1599,1023,image,/drug/right.jpg
1600,2746,image,/serve/forget.mp4
1601,1891,image,/throughout/woman.mp4
1602,1924,image,/decision/turn.jpg
1603,724,video,/growth/but.jpg
1604,1880,video,/red/sure.jpg
1605,1673,video,/least/nation.mp4
1606,928,image,/table/side.mp4
1607,1032,image,/in/skin.mp4
1608,104,video,/hundred/child.jpg
1609,2404,image,/soldier/year.jpg
1610,531,image,/say/question.jpg
1611,2492,video,/name/inside.jpg
1612,399,image,/guy/agree.jpg
1613,57,image,/writer/name.jpg
1614,1084,video,/site/lot.jpg
1615,2315,video,/until/really.jpg
1616,1275,image,/mouth/six.jpg
1617,2842,image,/individual/suggest.mp4
1618,340,video,/very/interesting.jpg
1619,2371,video,/return/career.mp4
1620,658,video,/guess/wide.mp4
1621,1851,video,/store/life.mp4
1622,2987,image,/central/news.mp4
1623,1174,image,/middle/two.jpg
1624,1942,video,/phone/a.jpg
1625,610,video,/trouble/answer.jpg
1626,2315,video,/day/candidate.mp4
1627,2952,video,/guy/rate.mp4
1628,1694,video,/media/reality.mp4
1629,2245,video,/former/organization.jpg
1630,1259,video,/minute/end.mp4
1631,772,video,/police/image.mp4
1632,1057,video,/seat/board.jpg
1633,2415,image,/firm/machine.jpg
1634,919,image,/already/modern.mp4
1635,2807,image,/issue/by.jpg
1636,2950,image,/dog/require.mp4
1637,95,image,/work/accept.jpg
1638,1218,video,/two/few.jpg
1639,175,image,/wrong/off.mp4
1640,1840,image,/better/enjoy.mp4
1641,2815,image,/education/myself.mp4
1642,122,video,/office/think.jpg
1643,2748,video,/budget/if.mp4
1644,525,image,/later/instead.jpg
1645,1275,video,/start/together.mp4
1646,2253,video,/military/yeah.mp4
1647,1353,video,/actually/key.mp4
1648,768,video,/reduce/watch.mp4
1649,1995,image,/world/morning.jpg
1650,2523,video,/between/mouth.mp4
1651,1518,image,/certain/party.mp4
1652,827,video,/himself/whom.mp4
1653,678,video,/happy/just.mp4
1654,1953,video,/hotel/level.mp4
1655,1976,image,/dream/development.mp4
1656,2601,video,/despite/them.jpg
1657,2845,video,/indeed/pull.jpg
1658,514,video,/house/president.mp4
1659,1421,image,/company/tell.jpg
1660,1865,image,/attention/race.jpg
1661,740,video,/allow/ability.mp4
1662,2082,video,/where/least.mp4
1663,1510,video,/choose/design.jpg
1664,2205,video,/under/red.mp4
1665,1726,image,/back/without.mp4
1666,16,image,/nor/drive.jpg
1667,899,video,/public/wide.jpg
1668,910,video,/teacher/significant.jpg
1669,340,image,/begin/professional.jpg
1670,1048,image,/have/while.jpg
1671,2676,video,/natural/into.jpg
1672,2911,image,/yeah/main.mp4
1673,1819,video,/picture/issue.jpg
1674,2993,video,/nice/science.mp4
1675,1576,video,/particular/second.jpg
1676,2249,video,/number/behind.mp4
1677,50,video,/in/week.jpg
1678,1304,image,/door/matter.jpg
1679,965,image,/action/weight.jpg
1680,800,image,/wide/technology.jpg
1681,167,image,/out/under.jpg
1682,2420,image,/law/officer.mp4
1683,1205,image,/win/almost.mp4
1684,2816,video,/central/view.mp4
1685,1939,video,/sister/history.jpg
1686,2746,image,/dinner/understand.mp4
1687,1020,image,/keep/program.jpg
1688,1763,image,/fire/black.jpg
1689,2503,image,/himself/green.jpg
1690,1314,video,/fine/herself.mp4
1691,2474,video,/office/interesting.jpg
1692,535,video,/part/go.mp4
1693,1318,video,/him/around.jpg
1694,1049,video,/long/school.mp4
1695,2816,video,/speech/police.mp4
1696,1817,video,/red/performance.mp4
1697,69,image,/any/through.mp4
1698,493,image,/ten/personal.jpg
1699,1651,video,/identify/man.mp4
1700,106,image,/day/wish.mp4
1701,1071,image,/win/environmental.mp4
1702,1098,image,/someone/any.mp4
1703,475,video,/energy/stage.jpg
1704,2278,video,/sport/base.mp4
1705,465,video,/sign/second.jpg
1706,1911,video,/event/season.jpg
1707,2943,video,/sort/first.jpg
1708,2541,image,/become/for.mp4
1709,164,image,/list/mention.mp4
1710,1243,video,/law/same.mp4
1711,293,image,/way/thank.mp4
1712,2209,image,/help/yet.jpg
1713,1287,image,/local/door.mp4
1714,178,image,/fish/dark.jpg
1715,372,image,/race/back.jpg
1716,2430,image,/compare/stage.mp4
1717,1610,video,/all/language.mp4
1718,193,video,/decide/alone.jpg
1719,2640,video,/window/always.jpg
1720,615,video,/situation/call.jpg
1721,2740,image,/born/enter.jpg
1722,2447,image,/green/pass.jpg
1723,1269,video,/nice/only.mp4
1724,2075,video,/move/Republican.mp4
1725,1053,image,/right/area.jpg
1726,705,image,/issue/what.mp4
1727,2776,image,/control/full.mp4
1728,829,image,/stuff/happen.jpg
1729,827,video,/body/tax.jpg
1730,1698,video,/national/able.jpg
1731,2547,video,/expert/special.jpg
1732,752,image,/he/baby.jpg
1733,2797,video,/brother/simple.mp4
1734,1415,video,/responsibility/food.jpg
1735,2699,video,/value/including.mp4
1736,1685,video,/no/sell.jpg
1737,1261,video,/fund/against.mp4
1738,2265,image,/crime/paper.jpg
1739,1213,image,/next/position.mp4
1740,1710,video,/song/what.mp4
1741,2666,image,/top/your.mp4
1742,2862,video,/apply/human.mp4
1743,1682,video,/message/Mr.mp4
1744,1955,image,/reduce/none.jpg
1745,1654,image,/serve/suffer.mp4
1746,2324,video,/yet/close.mp4
1747,1343,video,/serve/trial.jpg
1748,2140,image,/hour/responsibility.mp4
1749,449,video,/back/trip.jpg
1750,1815,video,/seek/perform.mp4
1751,1686,image,/top/item.jpg
1752,1184,image,/money/anything.jpg
1753,2460,video,/later/team.jpg
1754,1684,image,/resource/support.mp4
1755,1677,video,/rise/western.jpg
1756,368,video,/perform/customer.mp4
1757,666,image,/wind/debate.mp4
1758,1767,image,/happy/pay.mp4
1759,2690,image,/now/lead.mp4
1760,470,image,/measure/risk.mp4
1761,1110,video,/foreign/role.mp4
1762,1793,image,/kind/key.mp4
1763,903,video,/quickly/possible.mp4
1764,2747,video,/little/owner.jpg
1765,1809,image,/amount/ever.mp4
1766,408,video,/stock/memory.jpg
1767,681,video,/raise/take.mp4
1768,1286,image,/lot/pick.jpg
1769,543,video,/likely/leave.mp4
1770,1738,image,/already/piece.jpg
1771,2579,video,/computer/rather.mp4
1772,2712,image,/particular/hotel.jpg
1773,501,video,/remain/customer.jpg
1774,2805,image,/eight/behavior.jpg
1775,803,image,/window/protect.jpg
1776,1547,video,/part/life.jpg
1777,2300,video,/question/likely.jpg
1778,2034,video,/happen/age.jpg
1779,2824,image,/few/reveal.jpg
1780,416,image,/firm/front.mp4
1781,2794,video,/assume/strategy.jpg
1782,275,image,/west/individual.jpg
1783,2006,image,/reason/article.mp4
1784,1523,image,/somebody/they.jpg
1785,21,video,/still/wonder.jpg
1786,1776,video,/writer/all.mp4
1787,2146,image,/friend/capital.jpg
1788,269,video,/nature/in.jpg
1789,1077,image,/away/minute.mp4
1790,2996,image,/baby/then.jpg
1791,2453,image,/full/if.mp4
1792,310,video,/operation/us.jpg
1793,1551,image,/behavior/each.mp4
1794,800,image,/work/president.jpg
1795,2057,image,/somebody/similar.mp4
1796,3000,image,/benefit/that.jpg
1797,1507,video,/clearly/challenge.jpg
1798,215,video,/but/score.mp4
1799,2332,image,/condition/around.jpg
1800,1283,image,/book/season.mp4
1801,1146,image,/should/scientist.mp4
1802,764,image,/happy/like.jpg
1803,2189,image,/half/raise.mp4
1804,634,image,/mother/itself.jpg
1805,1103,video,/part/green.jpg
1806,1831,image,/amount/military.mp4
1807,570,video,/meeting/worker.mp4
1808,37,video,/bit/old.jpg
1809,2177,video,/she/full.jpg
1810,1283,video,/our/what.mp4
1811,459,image,/decade/pay.jpg
1812,653,video,/center/society.jpg
1813,1703,image,/economy/go.mp4
1814,831,video,/defense/send.mp4
1815,1759,video,/upon/democratic.jpg
1816,463,image,/trade/billion.mp4
1817,806,image,/including/majority.jpg
1818,2278,image,/citizen/bit.jpg
1819,1640,video,/age/after.mp4
1820,1179,image,/too/answer.jpg
1821,551,image,/everything/back.mp4
1822,106,video,/half/wall.mp4
1823,653,image,/decision/home.mp4
1824,603,video,/television/easy.jpg
1825,50,video,/make/my.jpg
1826,1774,video,/forget/car.jpg
1827,2534,image,/truth/get.mp4
1828,1738,image,/top/focus.jpg
1829,790,video,/art/themselves.jpg
1830,2988,image,/break/pretty.jpg
1831,2087,image,/form/have.jpg
1832,2279,video,/remain/security.jpg
1833,2877,video,/garden/its.mp4
1834,2051,video,/focus/rest.mp4
1835,82,video,/eat/road.mp4
1836,215,video,/southern/yeah.mp4
1837,2010,image,/official/tough.mp4
1838,2450,image,/add/police.jpg
1839,382,image,/outside/both.mp4
1840,2645,video,/she/spring.jpg
1841,927,video,/fill/inside.jpg
1842,2356,video,/support/follow.mp4
1843,401,image,/necessary/fall.jpg
1844,2298,image,/though/factor.mp4
1845,2502,image,/friend/six.jpg
1846,272,image,/edge/since.mp4
1847,1483,video,/attention/skin.mp4
1848,2701,video,/yeah/suggest.mp4
1849,2759,image,/their/hour.mp4
1850,1372,video,/between/understand.mp4
1851,2421,image,/offer/reduce.jpg
1852,1984,image,/far/conference.jpg
1853,1748,image,/stop/community.jpg
1854,1063,image,/decision/two.mp4
1855,2510,image,/concern/their.mp4
1856,1734,image,/note/successful.jpg
1857,1029,image,/stock/agreement.jpg
1858,1223,image,/hit/her.jpg
1859,1173,video,/similar/today.mp4
1860,1577,image,/I/fact.mp4
1861,2017,video,/simple/Congress.mp4
1862,1394,image,/reality/its.jpg
1863,1620,image,/special/magazine.jpg
1864,1977,image,/finish/concern.mp4
1865,1440,image,/thing/now.jpg
1866,728,image,/view/smile.mp4
1867,1916,video,/idea/little.mp4
1868,2760,video,/million/current.mp4
1869,565,video,/loss/manager.jpg
1870,1486,image,/foreign/environmental.jpg
1871,696,image,/million/decade.jpg
1872,1386,image,/have/center.jpg
1873,2596,video,/choice/thought.mp4
1874,2980,video,/often/race.mp4
1875,1851,video,/admit/option.mp4
1876,2054,video,/director/than.jpg
1877,170,image,/network/candidate.mp4
1878,1735,video,/night/carry.jpg
1879,835,video,/never/here.jpg
1880,1705,video,/magazine/artist.mp4
1881,2902,video,/when/me.mp4
1882,2079,image,/relationship/easy.jpg
1883,1744,image,/question/during.mp4
1884,2817,image,/talk/talk.mp4
1885,2946,video,/successful/nor.mp4
1886,1403,image,/mind/land.jpg
1887,2517,video,/mother/become.mp4
1888,1076,video,/take/natural.mp4
1889,3000,video,/lot/news.jpg
1890,947,video,/imagine/woman.mp4
1891,201,image,/feel/seek.mp4
1892,3000,video,/field/when.jpg
1893,2334,video,/just/finish.jpg
1894,2591,image,/dog/she.jpg
1895,628,image,/near/network.mp4
1896,596,image,/individual/learn.jpg
1897,2480,image,/series/feeling.jpg
1898,2923,image,/ahead/speak.mp4
1899,2343,video,/material/maintain.mp4
1900,2257,video,/agent/describe.jpg
1901,1614,image,/bag/college.mp4
1902,1952,video,/guy/war.jpg
1903,2560,video,/six/lose.mp4
1904,402,video,/us/still.jpg
1905,1677,image,/society/buy.jpg
1906,1254,video,/system/international.mp4
1907,2233,video,/fight/smile.jpg
1908,2355,image,/that/hospital.mp4
1909,2775,video,/the/reach.jpg
1910,1164,video,/yard/bag.mp4
1911,2042,image,/strategy/I.mp4
1912,2114,image,/business/away.mp4
1913,467,video,/through/somebody.jpg
1914,2766,video,/walk/all.jpg
1915,334,video,/yeah/alone.mp4
1916,310,video,/along/throughout.jpg
1917,229,video,/he/near.mp4
1918,1512,image,/small/determine.mp4
1919,2446,video,/fly/war.mp4
1920,418,video,/seat/painting.mp4
1921,580,video,/control/social.jpg
1922,1782,video,/beautiful/foot.mp4
1923,2724,video,/you/energy.jpg
1924,2123,image,/government/protect.jpg
1925,254,video,/nor/majority.jpg
1926,2127,video,/bar/wait.jpg
1927,2031,image,/police/tough.mp4
1928,2197,video,/possible/job.mp4
1929,1044,video,/nice/nature.jpg
1930,2287,video,/campaign/during.jpg
1931,2971,video,/east/blood.jpg
1932,1151,video,/traditional/argue.mp4
1933,1813,video,/first/college.jpg
1934,2066,video,/girl/none.mp4
1935,2928,image,/responsibility/suddenly.jpg
1936,85,image,/girl/agent.mp4
1937,1071,video,/news/author.mp4
1938,268,image,/through/either.jpg
1939,887,image,/total/those.mp4
1940,863,video,/be/save.jpg
1941,644,image,/born/police.mp4
1942,1680,video,/few/remain.mp4
1943,2436,image,/central/building.mp4
1944,734,video,/us/article.jpg
1945,941,image,/close/material.mp4
1946,1711,image,/design/seek.jpg
1947,108,video,/Mrs/easy.mp4
1948,2157,image,/leave/middle.jpg
1949,2146,video,/with/add.mp4
1950,766,video,/suggest/past.jpg
1951,249,image,/become/hit.jpg
1952,161,video,/current/pressure.mp4
1953,960,image,/exist/TV.jpg
1954,2812,image,/seat/wish.jpg
1955,1419,video,/phone/money.jpg
1956,158,image,/sit/near.mp4
1957,2779,image,/present/stock.jpg
1958,708,image,/newspaper/decision.jpg
1959,339,image,/live/sometimes.mp4
1960,1188,video,/their/look.jpg
1961,2625,image,/see/whether.jpg
1962,431,image,/use/maybe.mp4
1963,559,image,/let/personal.mp4
1964,1265,image,/ball/concern.mp4
1965,1678,video,/hand/nice.jpg
1966,41,video,/business/institution.mp4
1967,1139,video,/have/property.mp4
1968,731,image,/appear/kitchen.mp4
1969,2617,video,/usually/hand.mp4
1970,2301,image,/about/strategy.jpg
1971,160,video,/administration/seat.jpg
1972,1753,image,/guess/grow.mp4
1973,1470,image,/military/contain.jpg
1974,2119,image,/Mrs/say.jpg
1975,1212,video,/along/ten.jpg
1976,167,image,/shake/fear.mp4
1977,1103,image,/break/herself.jpg
1978,1733,video,/there/couple.mp4
1979,1910,video,/movement/financial.jpg
1980,787,video,/weight/point.jpg
1981,848,image,/picture/oil.jpg
1982,1585,image,/fast/road.jpg
1983,1137,video,/perhaps/that.mp4
1984,60,video,/paper/prepare.jpg
1985,61,video,/price/face.jpg
1986,1230,video,/drug/sometimes.jpg
1987,2499,image,/sign/perhaps.jpg
1988,2521,image,/and/hear.mp4
1989,1912,video,/meet/standard.mp4
1990,340,image,/only/serious.jpg
1991,2784,image,/child/ability.mp4
1992,1888,video,/another/take.jpg
1993,962,video,/experience/character.mp4
1994,2797,image,/recent/school.jpg
1995,1298,image,/offer/miss.mp4
1996,57,video,/return/fear.mp4
1997,416,video,/land/yard.mp4
1998,2795,video,/whose/eye.mp4
1999,679,image,/entire/glass.jpg
2000,1284,video,/care/like.mp4
2001,1017,video,/top/pressure.mp4
2002,972,image,/design/a.jpg
2003,227,video,/population/billion.jpg
2004,857,image,/stock/address.mp4
2005,1452,video,/stuff/result.mp4
2006,2550,image,/year/the.jpg
2007,2342,video,/watch/general.jpg
2008,1597,image,/source/rate.mp4
2009,417,video,/follow/food.jpg
2010,229,image,/sometimes/modern.jpg
2011,1518,image,/page/article.mp4
2012,998,video,/such/story.jpg
2013,1327,video,/much/sound.mp4
2014,494,video,/culture/themselves.jpg
2015,2091,video,/line/doctor.jpg
2016,1280,image,/international/better.mp4
2017,1633,image,/thousand/bit.jpg
2018,2338,video,/training/throughout.mp4
2019,2580,video,/operation/than.jpg
2020,1394,image,/blood/section.jpg
2021,524,image,/person/son.jpg
2022,745,video,/need/agent.mp4
2023,1238,image,/fund/ground.mp4
2024,2214,image,/fall/receive.mp4
2025,535,image,/seek/just.mp4
2026,15,image,/husband/on.jpg
2027,2935,video,/adult/place.jpg
2028,91,video,/small/news.mp4
2029,416,image,/couple/agent.jpg
2030,2804,video,/put/main.mp4
2031,2990,video,/force/sometimes.mp4
2032,465,video,/doctor/service.mp4
2033,1228,video,/night/yes.mp4
2034,655,video,/thank/day.mp4
2035,2260,image,/mention/whole.jpg
2036,2408,video,/animal/section.jpg
2037,288,video,/whether/end.jpg
2038,834,image,/act/safe.jpg
2039,1699,image,/long/as.mp4
2040,2256,video,/suddenly/herself.mp4
2041,1900,video,/truth/door.jpg
2042,1924,image,/particularly/customer.jpg
2043,1690,video,/military/thought.jpg
2044,106,image,/finish/full.mp4
2045,2388,image,/question/carry.mp4
2046,1694,video,/nothing/particularly.jpg
2047,696,image,/quite/almost.jpg
2048,366,image,/mean/certainly.jpg
2049,1684,video,/interest/institution.jpg
2050,1083,video,/scientist/offer.mp4
2051,2059,image,/mission/deal.mp4
2052,1151,image,/against/receive.mp4
2053,24,image,/left/show.mp4
2054,1483,image,/listen/accept.mp4
2055,2624,image,/role/fall.mp4
2056,2151,video,/material/place.jpg
2057,2170,image,/agent/response.mp4
2058,2296,video,/marriage/vote.jpg
2059,1101,image,/apply/this.mp4
2060,2391,video,/little/certainly.mp4
2061,721,video,/space/remain.jpg
2062,1554,image,/seek/business.jpg
2063,1762,image,/scientist/successful.mp4
2064,2348,video,/appear/also.jpg
2065,1010,image,/visit/improve.jpg
2066,2685,image,/raise/provide.mp4
2067,1504,image,/star/camera.jpg
2068,1060,video,/spring/nothing.mp4
2069,2726,video,/present/enough.mp4
2070,17,video,/compare/compare.mp4
2071,2949,video,/direction/paper.mp4
2072,2771,image,/total/performance.jpg
2073,1779,video,/physical/herself.mp4
2074,707,image,/next/represent.jpg
2075,1319,image,/fast/health.mp4
2076,1266,video,/by/kind.jpg
2077,894,image,/culture/current.jpg
2078,2004,image,/lawyer/other.jpg
2079,707,video,/each/indicate.jpg
2080,1652,video,/little/guess.jpg
2081,2490,video,/between/hot.mp4
2082,2719,video,/field/garden.jpg
2083,1236,image,/speak/design.jpg
2084,102,video,/nor/shoulder.jpg
2085,239,video,/but/anything.mp4
2086,1365,video,/there/draw.mp4
2087,685,video,/building/increase.jpg
2088,1553,video,/quality/generation.jpg
2089,2524,image,/religious/speak.mp4
2090,2534,image,/forget/small.mp4
2091,1606,video,/production/nothing.mp4
2092,2339,image,/agency/a.mp4
2093,1774,video,/go/somebody.mp4
2094,2665,image,/board/care.mp4
2095,1520,video,/while/fast.mp4
2096,1671,image,/light/decade.mp4
2097,1729,video,/across/time.mp4
2098,1255,image,/possible/risk.mp4
2099,1523,video,/player/never.mp4
2100,2227,video,/military/explain.mp4
2101,2509,image,/someone/force.jpg
2102,2936,video,/purpose/position.mp4
2103,2361,video,/concern/one.mp4
2104,621,image,/kitchen/office.mp4
2105,115,video,/level/another.mp4
2106,1615,image,/woman/you.jpg
2107,480,video,/name/suffer.mp4
2108,2972,video,/debate/voice.mp4
2109,1518,video,/bag/reality.mp4
2110,539,video,/young/poor.mp4
2111,993,video,/easy/care.jpg
2112,331,video,/rise/have.mp4
2113,2207,image,/general/cup.mp4
2114,327,video,/head/weight.mp4
2115,2118,video,/if/other.jpg
2116,396,image,/deep/Mrs.jpg
2117,2069,video,/daughter/each.mp4
2118,153,video,/major/understand.mp4
2119,1879,video,/partner/less.jpg
2120,2700,image,/mother/we.mp4
2121,1763,image,/easy/plan.jpg
2122,747,video,/beat/move.mp4
2123,1003,video,/model/wall.jpg
2124,1134,image,/myself/mission.jpg
2125,357,image,/institution/ready.jpg
2126,1383,image,/military/either.jpg
2127,763,video,/ask/turn.mp4
2128,2523,image,/blue/left.jpg
2129,596,image,/nor/dark.mp4
2130,1237,video,/of/business.jpg
2131,1095,image,/service/hold.mp4
2132,336,video,/free/its.mp4
2133,2310,video,/method/individual.mp4
2134,48,image,/night/system.mp4
2135,1334,image,/sing/culture.jpg
2136,2635,video,/treat/soon.mp4
2137,2608,video,/dark/he.jpg
2138,1830,image,/meet/hear.jpg
2139,1476,image,/prepare/radio.mp4
2140,520,video,/set/simply.mp4
2141,770,image,/standard/soon.jpg
2142,1016,image,/finally/behavior.jpg
2143,118,video,/trial/act.mp4
2144,331,image,/investment/activity.jpg
2145,1100,video,/law/agree.mp4
2146,163,image,/beyond/save.jpg
2147,527,video,/wear/if.jpg
2148,1345,video,/move/travel.jpg
2149,690,video,/hair/could.mp4
2150,1692,image,/learn/capital.mp4
2151,2190,image,/live/us.mp4
2152,655,image,/level/traditional.mp4
2153,2749,video,/with/visit.mp4
2154,2052,image,/benefit/game.jpg
2155,148,video,/economic/likely.jpg
2156,1645,image,/we/top.jpg
2157,2915,image,/car/after.mp4
2158,2386,image,/act/sense.jpg
2159,547,image,/relationship/receive.mp4
2160,141,video,/real/quickly.jpg
2161,2285,image,/senior/usually.mp4
2162,2311,image,/answer/protect.jpg
2163,781,image,/race/behavior.jpg
2164,447,image,/camera/thing.jpg
2165,1786,video,/as/case.mp4
2166,2968,image,/agreement/sea.mp4
2167,2801,image,/network/hit.jpg
2168,1860,image,/still/send.jpg
2169,1393,image,/attorney/food.mp4
2170,1683,video,/dream/sometimes.mp4
2171,1918,video,/establish/seek.mp4
2172,1383,image,/necessary/respond.mp4
2173,320,image,/student/environmental.jpg
2174,354,image,/ready/quality.mp4
2175,1765,video,/west/note.jpg
2176,244,video,/political/drug.jpg
2177,836,image,/very/alone.jpg
2178,277,video,/think/key.jpg
2179,678,image,/agency/most.mp4
2180,2076,image,/south/education.jpg
2181,1673,video,/get/task.jpg
2182,707,image,/it/example.mp4
2183,2079,image,/decide/after.mp4
2184,781,image,/memory/outside.mp4
2185,1641,image,/right/individual.mp4
2186,1782,image,/international/let.jpg
2187,852,video,/government/public.mp4
2188,1875,video,/star/performance.jpg
2189,987,image,/eat/deep.mp4
2190,2387,image,/Mrs/do.jpg
2191,2543,image,/mouth/tough.mp4
2192,1180,video,/federal/could.jpg
2193,2291,image,/who/guess.mp4
2194,2512,image,/common/allow.jpg
2195,283,video,/everyone/son.jpg
2196,795,video,/under/draw.mp4
2197,2923,image,/shake/recently.jpg
2198,1775,video,/laugh/live.mp4
2199,2365,image,/give/difference.jpg
2200,582,image,/others/cut.mp4
2201,567,image,/learn/shoulder.mp4
2202,2841,video,/wait/mind.jpg
2203,616,video,/scientist/trial.jpg
2204,387,image,/for/law.jpg
2205,1939,image,/street/final.jpg
2206,377,video,/available/single.mp4
2207,844,video,/social/sign.jpg
2208,453,image,/again/remain.mp4
2209,2973,image,/among/certain.mp4
2210,641,image,/dinner/end.jpg
2211,438,image,/get/nothing.jpg
2212,2797,image,/with/site.mp4
2213,2943,image,/water/political.jpg
2214,2883,video,/grow/think.jpg
2215,2899,image,/people/hot.jpg
2216,1602,video,/skill/structure.jpg
2217,1633,image,/maintain/affect.mp4
2218,597,image,/ago/enjoy.mp4
2219,717,image,/near/not.jpg
2220,2977,video,/own/science.jpg
2221,2358,image,/short/window.mp4
2222,605,video,/speak/central.jpg
2223,1079,image,/final/six.mp4
2224,10,image,/exist/recognize.mp4
2225,2091,video,/a/bit.jpg
2226,1083,image,/listen/garden.jpg
2227,1525,video,/many/owner.mp4
2228,25,video,/choose/ten.jpg
2229,2739,image,/maintain/nearly.mp4
2230,818,video,/southern/number.mp4
2231,629,video,/statement/generation.mp4
2232,2180,image,/such/food.jpg
2233,559,video,/boy/point.jpg
2234,2843,video,/vote/also.mp4
2235,1785,video,/during/society.jpg
2236,2589,video,/present/by.mp4
2237,2514,image,/PM/meeting.mp4
2238,2402,image,/sister/surface.mp4
2239,2118,video,/kid/generation.mp4
2240,2092,image,/him/lose.mp4
2241,2678,image,/arrive/a.mp4
2242,2121,image,/three/scientist.jpg
2243,1701,image,/among/food.mp4
2244,1786,video,/spend/wonder.jpg
2245,1837,image,/night/wonder.jpg
2246,1547,image,/lot/loss.jpg
2247,444,image,/again/college.mp4
2248,2165,image,/set/before.jpg
2249,2013,image,/for/mother.mp4
2250,424,image,/wish/that.mp4
2251,701,image,/Congress/Mrs.mp4
2252,1017,video,/about/nothing.jpg
2253,502,video,/perhaps/sort.mp4
2254,2755,video,/claim/statement.jpg
2255,1804,image,/commercial/full.mp4
2256,2588,image,/seem/quickly.jpg
2257,1593,video,/question/book.jpg
2258,2021,video,/because/environment.jpg
2259,1069,video,/expect/let.jpg
2260,1471,image,/good/institution.jpg
2261,27,video,/task/thing.mp4
2262,542,image,/house/debate.jpg
2263,2184,video,/condition/how.mp4
2264,2275,video,/continue/senior.mp4
2265,1303,image,/nice/type.jpg
2266,1401,image,/very/around.mp4
2267,1633,video,/ability/author.jpg
2268,2186,video,/he/manager.mp4
2269,923,video,/despite/require.mp4
2270,1754,image,/court/early.mp4
2271,687,image,/argue/language.jpg
2272,2246,image,/billion/reality.jpg
2273,698,image,/remember/compare.jpg
2274,10,image,/this/stand.jpg
2275,826,image,/race/edge.mp4
2276,2172,image,/peace/decade.mp4
2277,2778,image,/project/vote.jpg
2278,1750,image,/issue/return.jpg
2279,1831,video,/life/development.mp4
2280,1768,image,/why/effect.mp4
2281,390,video,/rule/majority.jpg
2282,1439,video,/glass/name.mp4
2283,726,image,/avoid/today.jpg
2284,1207,video,/music/personal.mp4
2285,2269,video,/write/think.mp4
2286,2698,image,/language/cell.jpg
2287,2843,image,/race/question.mp4
2288,1960,image,/step/I.mp4
2289,2367,image,/defense/resource.mp4
2290,1239,video,/firm/yourself.mp4
2291,2260,image,/store/kind.jpg
2292,1081,image,/soldier/window.mp4
2293,1154,video,/once/lead.mp4
2294,2064,image,/radio/simply.mp4
2295,610,image,/middle/gun.jpg
2296,321,video,/strategy/why.jpg
2297,996,image,/raise/number.mp4
2298,1589,video,/tonight/return.mp4
2299,1061,video,/town/it.jpg
2300,912,video,/common/need.jpg
2301,1275,video,/new/bar.jpg
2302,1603,image,/step/than.mp4
2303,2380,image,/available/explain.jpg
2304,598,image,/cost/money.jpg
2305,1629,video,/section/support.mp4
2306,1100,video,/commercial/deep.jpg
2307,941,image,/middle/cost.jpg
2308,288,image,/moment/really.jpg
2309,2393,video,/office/week.jpg
2310,97,video,/college/contain.mp4
2311,2457,image,/relate/likely.mp4
2312,135,image,/response/national.jpg
2313,1568,image,/world/someone.jpg
2314,1978,image,/sing/little.mp4
2315,1893,video,/could/direction.mp4
2316,1195,image,/everyone/step.jpg
2317,799,image,/exactly/south.mp4
2318,1577,video,/raise/military.jpg
2319,230,video,/news/real.mp4
2320,2714,image,/drug/certain.jpg
2321,1411,image,/rich/parent.mp4
2322,1683,video,/according/production.mp4
2323,1506,video,/former/more.mp4
2324,348,video,/no/hard.jpg
2325,2383,video,/boy/yeah.mp4
2326,2572,video,/artist/keep.mp4
2327,510,video,/toward/green.jpg
2328,206,image,/hope/might.mp4
2329,2893,video,/owner/while.jpg
2330,2210,video,/sit/must.jpg
2331,1615,image,/price/talk.jpg
2332,1002,image,/large/such.jpg
2333,2075,image,/dinner/win.mp4
2334,1497,video,/yet/myself.mp4
2335,1422,image,/chance/fish.mp4
2336,2673,image,/use/successful.mp4
2337,2546,image,/it/exist.mp4
2338,241,video,/heart/east.jpg
2339,2250,video,/here/letter.jpg
2340,566,video,/lot/stay.mp4
2341,2222,video,/event/third.jpg
2342,942,image,/many/whatever.jpg
2343,318,video,/various/money.jpg
2344,1579,image,/case/these.jpg
2345,898,video,/again/establish.jpg
2346,2680,video,/care/together.jpg
2347,1610,video,/character/change.jpg
2348,1284,image,/yourself/or.jpg
2349,2012,image,/assume/production.jpg
2350,339,image,/without/lay.jpg
2351,2020,image,/occur/president.mp4
2352,10,video,/stage/media.mp4
2353,2194,image,/it/none.jpg
2354,2180,video,/loss/either.jpg
2355,648,video,/hand/stage.jpg
2356,536,video,/new/girl.jpg
2357,1571,image,/down/option.jpg
2358,2122,video,/describe/walk.jpg
2359,2509,video,/town/school.mp4
2360,1715,video,/hotel/interview.jpg
2361,827,video,/she/than.jpg
2362,1765,image,/need/development.jpg
2363,957,image,/perform/visit.mp4
2364,621,video,/drug/human.mp4
2365,344,image,/some/role.jpg
2366,6,video,/future/agreement.mp4
2367,2125,video,/adult/pretty.jpg
2368,2373,image,/think/become.mp4
2369,185,video,/wait/themselves.jpg
2370,1005,video,/indicate/rock.mp4
2371,2510,video,/support/maybe.jpg
2372,2003,image,/during/by.jpg
2373,132,video,/detail/campaign.mp4
2374,2064,video,/American/student.jpg
2375,1787,video,/far/result.mp4
2376,1888,image,/stay/in.jpg
2377,227,video,/serious/a.jpg
2378,1821,video,/could/full.jpg
2379,2456,video,/include/wide.mp4
2380,2645,image,/make/effort.mp4
2381,41,image,/husband/I.jpg
2382,10,image,/financial/spend.mp4
2383,429,video,/official/the.jpg
2384,1651,image,/finally/cold.mp4
2385,272,video,/at/make.mp4
2386,2544,image,/account/should.mp4
2387,766,image,/PM/part.mp4
2388,2776,video,/million/water.mp4
2389,1509,video,/child/product.jpg
2390,2972,video,/effort/base.jpg
2391,2494,image,/people/plan.mp4
2392,2323,video,/effect/imagine.mp4
2393,2086,image,/science/week.jpg
2394,2914,image,/happen/various.jpg
2395,2398,video,/bag/eat.jpg
2396,1941,video,/against/live.mp4
2397,2698,video,/science/give.jpg
2398,1719,video,/heart/against.mp4
2399,618,video,/hotel/five.mp4
2400,2080,video,/reveal/car.mp4
2401,782,image,/senior/bag.jpg
2402,37,image,/trial/model.mp4
2403,1650,image,/each/interest.jpg
2404,235,image,/sign/throughout.jpg
2405,2009,image,/meeting/significant.jpg
2406,2666,video,/budget/need.jpg
2407,1864,image,/economic/various.jpg
2408,2543,image,/green/high.mp4
2409,1286,video,/participant/best.jpg
2410,1656,image,/source/rest.mp4
2411,833,image,/fish/bag.jpg
2412,2876,video,/floor/teach.mp4
2413,1013,image,/decision/bag.jpg
2414,1422,video,/include/our.mp4
2415,436,image,/affect/artist.jpg
2416,2901,video,/instead/instead.mp4
2417,1976,image,/agent/drive.mp4
2418,884,image,/watch/choose.mp4
2419,2252,image,/process/blood.mp4
2420,1538,image,/attorney/game.jpg
2421,2547,video,/four/brother.jpg
2422,1797,image,/although/billion.mp4
2423,2905,video,/star/off.mp4
2424,2739,image,/respond/even.jpg
2425,998,video,/throw/dream.mp4
2426,2525,image,/young/section.mp4
2427,2139,video,/early/camera.jpg
2428,2229,video,/animal/imagine.jpg
2429,1781,image,/continue/whatever.jpg
2430,2344,video,/cell/where.mp4
2431,2711,video,/paper/pressure.jpg
2432,430,image,/interview/scene.mp4
2433,1587,image,/particularly/film.jpg
2434,2777,video,/of/trouble.mp4
2435,2488,image,/part/radio.mp4
2436,451,video,/development/relate.mp4
2437,648,image,/unit/onto.mp4
2438,2490,video,/hear/room.mp4
2439,1122,image,/box/people.jpg
2440,731,image,/author/possible.mp4
2441,935,video,/interesting/kid.mp4
2442,1339,video,/activity/start.mp4
2443,758,video,/firm/bad.jpg
2444,1997,image,/pattern/sing.jpg
2445,2793,image,/how/hundred.jpg
2446,850,video,/public/price.jpg
2447,2758,image,/father/enter.jpg
2448,537,image,/center/word.mp4
2449,2052,image,/this/key.jpg
2450,466,image,/say/his.mp4
2451,1336,video,/those/minute.mp4
2452,2096,video,/while/staff.mp4
2453,2590,video,/people/blood.mp4
2454,2051,video,/key/pattern.mp4
2455,1083,video,/among/of.jpg
2456,1289,image,/single/side.jpg
2457,716,image,/since/event.mp4
2458,193,image,/he/avoid.mp4
2459,2998,video,/room/indeed.jpg
2460,1279,image,/send/address.mp4
2461,2388,video,/often/agree.mp4
2462,2394,video,/wrong/air.mp4
2463,2786,video,/catch/street.mp4
2464,2991,image,/remember/enter.mp4
2465,2892,image,/rest/resource.jpg
2466,1273,image,/beyond/unit.jpg
2467,2663,video,/new/catch.jpg
2468,2590,video,/enough/former.mp4
2469,2369,image,/national/fill.jpg
2470,2375,image,/knowledge/next.jpg
2471,1629,image,/whom/card.jpg
2472,2823,image,/lot/baby.jpg
2473,1126,image,/son/now.jpg
2474,2220,video,/believe/away.mp4
2475,74,image,/world/wide.mp4
2476,26,image,/kid/modern.mp4
2477,1229,image,/relationship/thousand.mp4
2478,1474,image,/market/second.mp4
2479,1582,image,/structure/eye.mp4
2480,1824,image,/position/fear.jpg
2481,808,image,/how/radio.mp4
2482,1462,image,/simple/politics.mp4
2483,1479,image,/international/future.jpg
2484,25,video,/themselves/build.mp4
2485,545,video,/one/agency.mp4
2486,403,video,/check/real.mp4
2487,2997,video,/analysis/peace.mp4
2488,2583,image,/discuss/carry.jpg
2489,840,video,/develop/apply.jpg
2490,1899,video,/picture/attention.jpg
2491,366,video,/new/actually.mp4
2492,2863,image,/mother/rock.jpg
2493,1214,video,/right/region.jpg
2494,1038,video,/hear/difference.jpg
2495,2086,image,/process/politics.mp4
2496,648,video,/blue/short.mp4
2497,2123,image,/tax/apply.jpg
2498,460,image,/practice/season.mp4
2499,1306,image,/really/ball.mp4
2500,608,video,/wind/south.mp4
